text,time,image_url,likes,comments,shares
"Fuentes cercanas al presidente han manifestado que Lenin Moreno est√° con ""tremenda churreta"" desde ayer, por pegarse una ""fundota de cevichochos"", aunque √©l lo niega rotundamente y afirma que todo ""ES CULPA DE CORREA"" como siempre; motivo por el cual hoy ha suspendido su agenda de no hacer nada, para quedarse en casa ""SIN HACER NADA"". Noticia en desarrollo üòÇ  #ElPeorGobiernoDeLaHistoria #LeninValesVrg #LeninMoreno #fakenews #esmentiraveran #carasdevrg",1619643046.0,https://scontent.fuio23-1.fna.fbcdn.net/v/t1.6435-9/fr/cp0/e15/q65/179153179_2916936788627588_1702223591675559724_n.jpg?_nc_cat=109&ccb=1-3&_nc_sid=8024bb&_nc_ohc=up0Z8BhYhuMAX91T8xt&_nc_ht=scontent.fuio23-1.fna&tp=14&oh=eb377bc8d416a649a25dc34d794b09a9&oe=60B0534B,21,7,0
"Esta ma√±ana el presidente electo Guillermo Lasso a dado a conocer el nombramiento de Lenin Moreno como su nuevo ""Super Ministro del Buen Vivir"", decisi√≥n que tom√≥ por la amplia experiencia demostrada que posee Moreno en ""NO HACER NADA y VIVIR DEL CUENTO"" por lo que es el id√≥neo para la popular cartera de estado. Noticia en desarrollo üòÇ  #ElPeorGobiernoDeLaHistoria #LassoEsMoreno #noseofenderan #Fakenews #noesverdadok #carasdevrg",1619634202.0,https://scontent.fuio23-1.fna.fbcdn.net/v/t1.6435-9/fr/cp0/e15/q65/170641110_2916866475301286_5946971236306897229_n.jpg?_nc_cat=103&ccb=1-3&_nc_sid=8024bb&_nc_ohc=hW6w0r_gNHsAX_hNsXw&_nc_ht=scontent.fuio23-1.fna&tp=14&oh=e657b9a6476d46894846264c37c6c9d7&oe=60B1CD49,16,7,0
"El presidente de la rep√∫blica se hace ""la estrecha"" y mantiene al pa√≠s el vilo con m√°s medidas recomendadas por el COE nacional, pendientes todos en las pr√≥ximas horas. Noticia en desarrollo üòÇüëç",1619037436.0,https://scontent.fuio23-1.fna.fbcdn.net/v/t1.6435-9/fr/cp0/e15/q65/176435209_2911475819173685_3425792884447424871_n.jpg?_nc_cat=102&ccb=1-3&_nc_sid=110474&_nc_ohc=El5TudXe71gAX_zKNwB&_nc_ht=scontent.fuio23-1.fna&tp=14&oh=b4a458b169a19df81d92fd6d93dcd992&oe=60B2B80A,16,0,0
"El todav√≠a presidente de la rep√∫blica, Len√≠n Moreno; ha manifestado en una entrevista reciente, ""que se arrepiente"" profundamente haber aceptado ser presidente, y de haber servido GRATIS durante estos 4 a√±os al Ecuador, que todos los ecuatorianos son una ""bola de indios mal agradecidos"" y que valen ""harta vrga"", as√≠ nomas. Noticia en desarrollo ü§£ü§£  #fakenews #ElPeorGobiernoDeLaHistoria #leninvalesvrg #bromanomases #noseofenderan",1618516380.0,https://scontent.fuio23-1.fna.fbcdn.net/v/t1.6435-9/fr/cp0/e15/q65/173693695_2907000132954587_4374937393861377815_n.jpg?_nc_cat=103&ccb=1-3&_nc_sid=8024bb&_nc_ohc=TVzIlq87334AX_nu9CS&_nc_ht=scontent.fuio23-1.fna&tp=14&oh=ee4cae855783e77df6286b2d098f81d0&oe=60B17F71,22,28,0
"Seguimos con las felicitaciones en √©ste d√≠a, en esta ocasi√≥n para unos verdaderos ""MAESTROS"", maestros para un buen trago y para una moza, no hay qui√©n les gane. Felicidades en su d√≠a mijines. ü§£ü§£  #fakenews #diadelmaestro #chapasmaestros #bromanomases",1618335119.0,https://scontent.fuio23-1.fna.fbcdn.net/v/t1.6435-9/fr/cp0/e15/q65/173923201_2905452646442669_2380801727631753911_n.jpg?_nc_cat=101&ccb=1-3&_nc_sid=8024bb&_nc_ohc=Ht_pFsud5XoAX_-597I&_nc_ht=scontent.fuio23-1.fna&tp=14&oh=9e13b90601baead0d9533db35ea084e8&oe=60B19A56,25,6,0
"Hoy 13 de abril celebramos el d√≠a del ""MAESTRO"" ecuatoriano, FELIZ DIA queridos ""maestros"" para un trago, para una moza, para un encebollado y para un pan con cola üëèüòÉüòÉ",1618326709.0,https://scontent.fuio23-1.fna.fbcdn.net/v/t1.6435-9/fr/cp0/e15/q65/173202738_2905358409785426_7297078053189003414_n.jpg?_nc_cat=107&ccb=1-3&_nc_sid=110474&_nc_ohc=7rHlksFdovoAX89a5Zo&_nc_ht=scontent.fuio23-1.fna&tp=14&oh=3843db1c7de7a151e65f1456aabed9aa&oe=60B07D31,9,0,0
"Len√≠n Moreno ha expresado su verdadera preocupaci√≥n para el cambio de mando con Guillermo Lasso el pr√≥ximo 24 de Mayo, aunque dijo sentirse ""felishhh"" como una lombriz de saber que su gran amigo y pupilo continuar√° con su legado a favor de los ecuatorianos, aunque duda que pueda superarlo. Noticia en desarrollo ü§£  #YaTenemosPresidente #LassoEsMoreno #buenoquemastoca #Lassoparateduro #fakenews",1618284910.0,https://scontent.fuio23-1.fna.fbcdn.net/v/t1.6435-9/fr/cp0/e15/q65/172870694_2904999176488016_2486795773187118004_n.jpg?_nc_cat=108&ccb=1-3&_nc_sid=8024bb&_nc_ohc=_hp72nZbdmgAX_IlVpJ&_nc_ht=scontent.fuio23-1.fna&tp=14&oh=dbbdce3eae560e18493c4aa849899727&oe=60AF2E5D,13,7,0
"Elecciones 2021 - A esta hora Guillermo Lasso ya ha ejercido sus derecho al voto, pero OH SORPRESA ü§î Noticia en desarrollo",1618159032.0,https://scontent.fuio23-1.fna.fbcdn.net/v/t1.6435-9/fr/cp0/e15/q65/172578461_2903888346599099_4424761576649230377_n.jpg?_nc_cat=102&ccb=1-3&_nc_sid=110474&_nc_ohc=yTe9MMGTu1QAX8aMV-X&_nc_ht=scontent.fuio23-1.fna&tp=14&oh=5a64d7b1f98b9242e20155218921d0d1&oe=60B19530,6,3,0
"A tan solo 24 horas de las elecciones presidenciales, el disque periodista ""Luis E. Vifanco"" alias ""el pautas"" se le vira al banquero y se decanta por la lista ""correista"", incluso ha actualizado su foto de perfil en Facebook con este motivo, ha dicho que entre un ""banquero ladron"" y un ""lelo maric√≥m"" se decanta por el segundo, porque se identifica m√°s sobre todo con lo de ""maric√≥m"". Noticia en subdesarrollo üòÖ  #fakenews #elecciones2021 #elpautas #esmentiraoiran",1618058341.0,https://scontent.fuio23-1.fna.fbcdn.net/v/t1.6435-9/fr/cp0/e15/q65/171541618_2902919810029286_671179354047904101_n.jpg?_nc_cat=105&ccb=1-3&_nc_sid=110474&_nc_ohc=oXuf77zCpRQAX8JS_Bf&_nc_ht=scontent.fuio23-1.fna&tp=14&oh=fd95dc9e777002dde42f78e72504c119&oe=60B266DE,26,0,0
"A tan solo 48 horas de las elecciones en Encuador, el presidente Lemin Moredo ha declarado p√∫blicamente su apoyo a la candidatura de Guillermo Lasso, incluso ha actualizado su foto de perfil con el lema ""El Domingo yo voto por Lasso""; a√±adiendo que es el candidato id√≥neo para continuar con su modelo de gobierno que tantas alegr√≠as le ha dado al Ecuador. Noticia en desarrollo  #lassoesmoreno #elecciones2021 #bromanomases #fakenews",1617977008.0,https://scontent.fuio23-1.fna.fbcdn.net/v/t1.6435-9/fr/cp0/e15/q65/170817949_2902213440099923_3409425875954876302_n.jpg?_nc_cat=109&ccb=1-3&_nc_sid=110474&_nc_ohc=m0CdhStiCm0AX_QkCUt&_nc_ht=scontent.fuio23-1.fna&tp=14&oh=1c8ed83b5bcd0a70bedfaa2d0b4dd3f6&oe=60AF8F0F,15,35,0
"Esta ma√±ana el candidato de CREO, durante una visita por la sierra norte del pa√≠s; manifest√≥ que en su gobierno ""prohibir√° el consumo de CUY"" porque seg√∫n √©l, los serranos son unos ""puercos"" y deben entender que las ""ratas no son para comer"". ¬øEst√°s de acuerdo? ü§£  #fakenews #LassoBorrero #Elecciones2021 #esmentiraojo",1617814393.0,https://scontent.fuio23-1.fna.fbcdn.net/v/t1.6435-9/fr/cp0/e15/q65/169940181_2900830180238249_143350490780564471_n.jpg?_nc_cat=100&ccb=1-3&_nc_sid=8024bb&_nc_ohc=dQRnl4zrwB8AX-YwiFm&_nc_ht=scontent.fuio23-1.fna&tp=14&oh=ef987eb1ca2c1b782ded0d454a4085d0&oe=60AFF161,13,7,0
"Fuentes cercanas al candidato de CREO han informado hoy en la ma√±ana que Guillermo Lasso ""se ha convertido en bagre"" por necio; luego de meterse a duchar hoy Viernes Santo. Noticia en desarrollo üòÇ  #lassoesbagre #LassoBorrero #Elecciones2021 #fakenews #esbromanomas",1617374284.0,https://scontent.fuio23-1.fna.fbcdn.net/v/t1.6435-9/fr/cp0/e15/q65/168267048_2897072000614067_4219463985120955061_n.jpg?_nc_cat=101&ccb=1-3&_nc_sid=8024bb&_nc_ohc=f-2qAnk95MsAX-2hnH4&_nc_ht=scontent.fuio23-1.fna&tp=14&oh=1b31cd01afb0fc1e9ccb653b3ccc2289&oe=60B28733,20,4,0
"Esta tarde se han dado a conocer los resultados de nuevas encuestas en la carrera presidencial; y el candidato de derecha se vuelve a colocar por debajo de Andr√©s Arauz, tras haberse hecho p√∫blico el certificado de vacunaci√≥n para COVID del candidato de CREO, adem√°s se sospecha tambi√©n que el ex-presidente Correa es marido de Lasso. Noticia en desarrollo  #fakenews #Elecciones2021 #lassocaremazo #LassoBorrero #esbromanomas #noseenojaran",1617327840.0,https://scontent.fuio23-1.fna.fbcdn.net/v/t1.6435-9/fr/cp0/e15/q65/168429686_2896689233985677_353031191495327559_n.jpg?_nc_cat=110&ccb=1-3&_nc_sid=8024bb&_nc_ohc=eOQr5WUWwzMAX_Nj0D8&_nc_oc=AQksCl5rJeyDk4Ul19TOL-zE5LmFPdCsFmE2ICOeW7qnFMIMcKeWxWqEPsL8E5GGA2k&_nc_ht=scontent.fuio23-1.fna&tp=14&oh=78376c0a9d44a4dbdd2e5c025b678f5d&oe=60AEF168,18,3,0
"Los mismos grupos de venezolanos que ayer fueron captados con carteles en las calles de Quito, hoy volvieron a ser vistos con nuevos mensajes, igual de claros y ciertos que los anteriores. La ciudadan√≠a los apoya en ambos casos. Noticia en desarrollo  #fakenews #Elecciones2021 #lassocaremazo #leninmmvg",1617141629.0,https://scontent.fuio23-1.fna.fbcdn.net/v/t1.6435-9/fr/cp0/e15/q65/165528952_2895044947483439_3824263121091523460_n.jpg?_nc_cat=106&ccb=1-3&_nc_sid=8024bb&_nc_ohc=k7dh07NAYtkAX8lj2Vb&_nc_ht=scontent.fuio23-1.fna&tp=14&oh=58b353e4fa21b5bf2367e965a2533b15&oe=60B24CD0,34,6,0
"Ciudadanos rechazan en√©rgicamente este tipo de ""campa√±a sucia"" sea del candidato que sea; ya que se aprovecha de la miseria y necesidad de personas para favorecer sus intereses pol√≠ticos, ya que se nota claramente que estos carteles no son elaborados por estas personas sino les fueron entregados a cambio seguramente de alguna m√≠nima cantidad de dinero ¬°BASTA Y√Å! la pobreza no es burla üò°üò°üò°",1617127951.0,https://scontent.fuio23-1.fna.fbcdn.net/v/t1.6435-9/fr/cp0/e15/q65/167565693_2894843900836877_9165551505107688765_n.jpg?_nc_cat=109&ccb=1-3&_nc_sid=110474&_nc_ohc=yheZ0ZAKdPoAX8jwA67&_nc_ht=scontent.fuio23-1.fna&tp=14&oh=3735391fa52ebaf91cce17683fadf9b3&oe=60B1D434,20,6,0
"Esta tarde el Alcalde de Quinto, ha declarado que el no es el ""taita"" de ese ""longo fiero"" que anda haciendo negociados en el cabildo de Quinto, que ""est√° clarito"" porque el es ""pintaza"" y ese rocoto parece Rumi√±ahui nomas. Noticia en desarrollo  ¬∑#fakenews #yunda #hijodeyunda #esbromanomas",1617037663.0,https://scontent.fuio23-1.fna.fbcdn.net/v/t1.6435-9/fr/cp0/e15/q65/166297650_2894080074246593_2955706131291198389_n.jpg?_nc_cat=101&ccb=1-3&_nc_sid=8024bb&_nc_ohc=YtnwCbGjI5sAX8zBnwU&_nc_oc=AQmi-nyxEuYpM3o3g1j5K0YIgflZel3iRiKTJilEXKaWJF41BtzvlDCf_4zssV3MLzE&_nc_ht=scontent.fuio23-1.fna&tp=14&oh=05693e6a3276bfe685855f0e9fa374f3&oe=60AF50F7,31,6,0
¬øPor qui√©n votar√≠as si las elecciones fueran hoy? üßê #elecciones2021 #LassoBorrero #ArauzRabascal,1617032645.0,,19,5,0
"Guillermo Lasso ha manifestado p√∫blicamente que tanto Moreno como los miembros de su gobierno, son personas honorables y que pondr√≠a las manos al fuego por ellos, en especial por Mar√≠a Paula Romo; y que el esta seguro de que es el sentir de la gran mayor√≠a de los ecuatorianos. Noticia en desarrollo #fakenews #noticiafalsa #noesverdad #elecciones2021",1616702610.0,https://scontent.fuio23-1.fna.fbcdn.net/v/t1.6435-9/fr/cp0/e15/q65/163478257_2891144107873523_5735176461038716190_n.jpg?_nc_cat=105&ccb=1-3&_nc_sid=4f70da&_nc_ohc=4vwLK5LQ9MEAX_3xhMd&_nc_ht=scontent.fuio23-1.fna&tp=14&oh=90cb8a01b233187aba8881321b0b1571&oe=60AFCA3E,19,12,0
"Esta ma√±ana; Guillermo Lasso ha increpado al candidato de UNES, Andr√©s Arauz por haberle preguntado ""huevadas"", cuando el lo que quer√≠a contestar es ""cu√°nto cuesta el litro de leche"", ahora que ya por fin se aprendi√≥, manifest√≥ al mismo tiempo que dijo que a el ""qu√© chucha"" le importa ese tal ""protocolo de do√±a Goya"". Noticia en desarrollo ü§£ #fakenews #Noescierto #Nosecreeran #BromitaNomas #elecciones2021",1616431187.0,https://scontent.fuio23-1.fna.fbcdn.net/v/t1.6435-9/fr/cp0/e15/q65/164059945_2888729911448276_1522898362413463379_n.jpg?_nc_cat=102&ccb=1-3&_nc_sid=8024bb&_nc_ohc=v98ESBghkDkAX-ZKnPi&_nc_ht=scontent.fuio23-1.fna&tp=14&oh=8409542f2a17d00a69e53df2829f3a4a&oe=60B14AD6,40,8,0
"Sigue el debate presidencial entre los candidatos Arauz y Lasso ... aunque esperen, por ah√≠ aparece tambi√©n YAKU... si se√±ores es Yaku Perez üëèüòÖ Noticia en desarrollo",1616376832.0,https://scontent.fuio23-1.fna.fbcdn.net/v/t1.6435-9/fr/cp0/e15/q65/163826886_2888252834829317_4638993766339402975_n.jpg?_nc_cat=102&ccb=1-3&_nc_sid=110474&_nc_ohc=RplaF3rVnDIAX-V_vNR&_nc_ht=scontent.fuio23-1.fna&tp=14&oh=a26581c5570b37b376ec160f0800b730&oe=60AF0302,9,1,0
"Se registra ca√≠da de WhatsApp a nivel mundial, el presidente Moreno ya sabe a quien le va a echar la culpa, como siempre üôà",1616177370.0,https://scontent.fuio23-1.fna.fbcdn.net/v/t1.6435-9/fr/cp0/e15/q65/162719557_2886534818334452_5083242011729613845_n.jpg?_nc_cat=101&ccb=1-3&_nc_sid=110474&_nc_ohc=H7GnEHIBbYQAX8Ek8CT&_nc_ht=scontent.fuio23-1.fna&tp=14&oh=e462f1a678049eb2cd3e0ef496bfac0f&oe=60B27CC0,9,3,0
"I Esta ma√±ana el presidente de la rep√∫blica hizo p√∫blico el nombramiento de Abdal√° Bucar√°m como nuevo ministro de salud hasta finalizar su mandato; expres√≥ que a estas alturas le vale ""paloma"" lo que piense el pa√≠s entero, mejor dicho siempre le vali√≥ lo mismo. Noticia en desarrollo  #Conhumor #noticiafalsa #hemosvuelto #elculimercio",1614614725.0,https://scontent.fuio23-1.fna.fbcdn.net/v/t1.6435-9/fr/cp0/e15/q65/156259075_2872554103065857_7436967843383244961_n.jpg?_nc_cat=103&ccb=1-3&_nc_sid=8024bb&_nc_ohc=WMPzux5QkhEAX9y8K-8&_nc_ht=scontent.fuio23-1.fna&tp=14&oh=82f851f7f986981c803c699ed7a37acc&oe=60B0CA63,23,12,0
"Se filtra imagen de la renuncia del ex ministro de salud en donde le dice clarito al patojo que ""ah√≠ queda tu huevada"" con un claro mensaje de ""s√°lvese quien pueda"". Noticia en desarrollo üò°üëâüòÄ",1614551593.0,https://scontent.fuio23-1.fna.fbcdn.net/v/t1.6435-9/fr/cp0/e15/q65/154813041_2872051856449415_2922181847321909411_n.jpg?_nc_cat=100&ccb=1-3&_nc_sid=110474&_nc_ohc=fMJLn1bxodYAX8P9WMd&_nc_ht=scontent.fuio23-1.fna&tp=14&oh=e0b225eb1a2b4032b77355004bf53b16&oe=60B00F6F,19,2,0
"El gobierno flexibiliza la prohibici√≥n de quemar monigotes en fin de a√±o, con una excepci√≥n, solo se podr√°n quemar los a√±os viejos de ""Correa"", as√≠ lo ha manifestado el presidente a trav√©s de su cuenta de Twitter; que ""se merece eso y m√°s ese MMVG"". Noticia en desarrollo ü§£ü§£",1608754388.0,https://scontent.fuio23-1.fna.fbcdn.net/v/t1.6435-9/fr/cp0/e15/q65/131983961_2822358638085404_5992966936099404425_n.jpg?_nc_cat=103&ccb=1-3&_nc_sid=8024bb&_nc_ohc=c10Jvq5FBmMAX9uJTsY&_nc_oc=AQmw8qONvRlXuG89nggV1A7MzABrONMstKuW4wyoexWw8KQqsEHtuudCG0_VDpmIm2Y&_nc_ht=scontent.fuio23-1.fna&tp=14&oh=d908e7c1b67b6abf55500ad52444cdf5&oe=60B0F4E5,25,15,0
"Cosas que pasan solo en Ecuador, esta ma√±ana un grupo de ""chapas sapos"", sorprendieron a un ""taxista enamorado"" cuando transportaba en la cajuela de su taxi una jaba de bielas, media de lark y ""A LA MOZA""; y encima como copiloto llevaba a su mujer. ""MAESTRO"" exclamaron los chapas al percatarse. Noticia en desarrollo ü§£ü§£",1608141562.0,https://scontent.fuio23-1.fna.fbcdn.net/v/t1.6435-9/fr/cp0/e15/q65/131416156_2816701108651157_2219148066830066892_n.jpg?_nc_cat=101&ccb=1-3&_nc_sid=8024bb&_nc_ohc=E6ya2mnm0aEAX9AgU3C&_nc_ht=scontent.fuio23-1.fna&tp=14&oh=d4de19bcdb75b4f04a54c839342b0a7f&oe=60B05A68,44,9,0
"üî¥. #URGENTE l El presidente de la rep√∫blica ha anunciado esta ma√±ana la compra de cilindros de gas para equipar a la ""polic√≠a nacional"" para la lucha contra la delincuencia; manifest√≥ que su gobierno siempre est√° preocupado por la seguridad ciudadana y ahora si la poblaci√≥n ya podr√° sentirse segura, al menos hasta que gane las elecciones Guillermo Lasso, porque el ofrece armar a todo mundo hasta los dientes. Noticia en desarrollo ü§£  #ElPeorGobiernoDeLaHistoria #PoliciaEcuador #ConHumor",1607027120.0,https://scontent.fuio23-1.fna.fbcdn.net/v/t1.6435-9/fr/cp0/e15/q65/128552589_2806358249685443_3086133375005472083_n.jpg?_nc_cat=105&ccb=1-3&_nc_sid=8024bb&_nc_ohc=5Jq3klP-FSkAX-7sBvZ&_nc_ht=scontent.fuio23-1.fna&tp=14&oh=c7c09f4a9759559af8167d6e4f139051&oe=60B02286,42,26,0
"üî¥. #ATENCI√ìN l ""Captado en video el momento en que 2 asaltantes armados con pistola en mano intentan robar a un cami√≥n despachador de gas; pero se llevaron su buena sopresita"" üî• Nos encanta publicar historias como esta con un final tan feliz. Nuestra felicitaci√≥n a todo el gremio de repartidores de gas que trabajan por un Ecuador mejor #SinDelincuentes üëèüòÄ",1606846358.0,https://static.xx.fbcdn.net/rsrc.php/v3/yO/r/tlBBJvkvBea.png,154,60,0
"üî¥. #ATENCI√ìN l Esta ma√±ana Guillermo Lasso ha salido en ultra defensa de la todav√≠a Ministra del Interior, afirmando que pone sus manos al fuego por ella, que la conoce desde hace mucho tiempo y que su √∫nico delito es ser ""bella y sexy"", y que eso s√≠, da f√© que si algo ha repartido en su vida, es el de detroit, nada m√°s. Noticia en desarollo ü§£  #ElPeorGobiernoDeLaHistoria #MariaPaulaRomo #lassoborrero #Elecciones2021 #conhumor #fakenews",1606246930.0,https://scontent.fuio23-1.fna.fbcdn.net/v/t1.6435-9/fr/cp0/e15/q65/126527657_2798719920449276_8121225111983177713_n.jpg?_nc_cat=100&ccb=1-3&_nc_sid=8024bb&_nc_ohc=3-qSEAoAyG8AX_KfL2o&_nc_ht=scontent.fuio23-1.fna&tp=14&oh=c588fcd92aaab475743c61aad4cd45b8&oe=60B233F3,44,30,0
"üî¥ #ATENCI√ìN l La ministra del interior manifest√≥ su total rechazo a la acci√≥n violenta de parte de la ""se√±ora ecuatoriana"" que tira cruelmente del pelo a una ""indefensa venezolana"" como se puede ver claramente en el video del asalto en una panader√≠a de Quito, dijo que no descansar√°n hasta dar con su paradero para que responda ante la justicia. DE RIPLEY ¬øqu√© te parece? ü§≠  #ElPeorGobiernoDeLaHistoria #MariaPaulaRomo #soloesbromita #osea #fakenews",1605994095.0,https://scontent.fuio23-1.fna.fbcdn.net/v/t1.6435-9/fr/cp0/e15/q65/125812289_2796218994032702_9110653312942045224_n.jpg?_nc_cat=103&ccb=1-3&_nc_sid=8024bb&_nc_ohc=L6MSenNzg3YAX8h7Apj&_nc_ht=scontent.fuio23-1.fna&tp=14&oh=9ed276c004b4908965eb57fb0f482f81&oe=60AF339F,43,12,0
"COMPARTIR üò°üëâ Estos son los pillos infelices que atracaron a mano armada un pizzer√≠a en el norte de Quito en estos d√≠as; si los conoces o sabes de su paradero, colabora con la ciudadan√≠a y DEN√öNCIALOS al 1-800-DELITO o env√≠anos un mensaje por interno a √©sta p√°gina. Ay√∫demonos entre todos, hoy por ti y ma√±ana por mi",1605806876.0,https://static.xx.fbcdn.net/rsrc.php/v3/yO/r/tlBBJvkvBea.png,8,1,0
"üõë #ATENCION l CREO y PSC con tremendo ""culillo"" ante el anuncio de la candidatura de Alvarito Noboa; tal parece que a la derecha le empieza a bajar la diarrea. Noticia en desarrollo ü§£  #Elecciones2021 #LassoBorrero #AlvaritoEsTodo",1605024210.0,https://scontent.fuio23-1.fna.fbcdn.net/v/t1.6435-9/fr/cp0/e15/q65/124605990_2785792195075382_6560668703220288556_n.jpg?_nc_cat=100&ccb=1-3&_nc_sid=110474&_nc_ohc=zXtgexiQd-AAX-2vFtz&_nc_ht=scontent.fuio23-1.fna&tp=14&oh=cce0821bbb88f10155e3796f66ddbd53&oe=60AFBDBD,41,4,0
"üî¥ #ATENCI√ìN l Tras conocerse los resultados definitivos de los comicios presidenciales de EE.UU, que dan como ganador a Joe Biden, el presidente de la Rep√∫bica Len√≠n Moreno ha querido enviarlo un ""cari√±oso"" mensaje de felicitaci√≥n y sumisi√≥n de perro faldero. ¬øQu√© te parece? ü§£  #ElPeorGobiernoDeLaHistoria #leninponteen4patas #BidenHarris2020",1604771483.0,https://scontent.fuio23-1.fna.fbcdn.net/v/t1.6435-9/fr/cp0/e15/q65/123923466_2783055228682412_4178887634462721687_n.jpg?_nc_cat=104&ccb=1-3&_nc_sid=8024bb&_nc_ohc=IgnHycLP9yYAX9vmgS8&_nc_ht=scontent.fuio23-1.fna&tp=14&oh=6bf6c013116ea4e6520a83239626fb10&oe=60B203B7,73,15,0
"üî¥ #ATENCI√ìN l Miles de Ecuatorianos han expresado que NO est√°n de acuerdo en que se env√≠e de ""vacaciones pagadas"" por Europa a esta se√±ora, que ni siquiera ha hecho m√©rito alguno. Si quiere pasearse y conocer al Papa, VAYA CON SU PLATA han dicho. ¬°Si estas de acuerdo, comparte! üò°",1604615579.0,https://scontent.fuio23-1.fna.fbcdn.net/v/t1.6435-9/fr/cp0/e15/q65/123651509_2781320828855852_7972877071382362496_n.jpg?_nc_cat=102&ccb=1-3&_nc_sid=8024bb&_nc_ohc=jTeaSK-HrGUAX925SH2&_nc_ht=scontent.fuio23-1.fna&tp=14&oh=dca7d1ec35e21ff81e7017794a48a1f5&oe=60B16267,38,3,0
"üî¥. #URGENTE l Presidente Len√≠n Moreno ha mandando un ""√∫timatum"" al candidato dem√≥crata a la presidencia de EE.UU. ""Joe Biden"" par que en el plazo de 24 horas reconozca oficialmente como ganador de las elecciones a ""su majestad Donald Trump"", de no ser as√≠, que se atenga a las consecuencias. Noticia en desarrollo ü§£",1604596401.0,https://scontent.fuio23-1.fna.fbcdn.net/v/t1.6435-9/fr/cp0/e15/q65/123562527_2781119258876009_5404755921197911202_n.jpg?_nc_cat=108&ccb=1-3&_nc_sid=8024bb&_nc_ohc=oxMTIOEMao8AX8cwYW-&_nc_ht=scontent.fuio23-1.fna&tp=14&oh=9a3770834b4e72d05719b0d9bf1629d9&oe=60B0960E,58,31,0
"üî¥. #ATENCI√ìN l Guillermo Lasso se va de ""feriado"" con la plata de sus depositantes, mientras que ellos no pueden ir ""ni a la esquina"", y encima andan pensando en votar por √©l; as√≠ es de ""gil"" el pueblo ecuatoriano. ¬øQu√© te parece la falsa noticia? ü§£  #LassoBorrero2021 #Elecciones2021 #ConHumor",1604197374.0,https://scontent.fuio23-1.fna.fbcdn.net/v/t1.6435-9/fr/cp0/e15/q65/123413158_2776832575971344_5118040974942852400_n.jpg?_nc_cat=101&ccb=1-3&_nc_sid=8024bb&_nc_ohc=TYKzLVYCh98AX9h5v9o&_nc_ht=scontent.fuio23-1.fna&tp=14&oh=fa266ed2d7ecbb1accb62651e2f86d95&oe=60AFA034,64,23,0
"üî¥. #ATENCI√ìN l El presidente de la rep√∫blica desminti√≥ esta ma√±ana una supuesta foto que circula en la redes, donde supuestamente se lo ve ""paradito"", y que segun sus propias palabras dijo ""no ven que ese no soy yo mmvs"". ¬øT√∫ que piensas, es o no es √©l man? ü§£  #LeninMoreno #ElPeorGobiernoDeLaHistoria #leninmmv",1603909716.0,https://scontent.fuio23-1.fna.fbcdn.net/v/t1.6435-9/fr/cp0/e15/q65/122881793_2773690939618841_7488782632823224906_n.jpg?_nc_cat=108&ccb=1-3&_nc_sid=8024bb&_nc_ohc=NfKvy-p3LOgAX9rv51g&_nc_ht=scontent.fuio23-1.fna&tp=14&oh=85084eb79e9a45f224ace6e9dc2cb025&oe=60B254DA,67,36,0
"üî¥. #ATENCI√ìN l Lenin Moreno ha declarado que ""no va a permitir ni un solo temblor m√°s en el Ecuador"" como el de hoy en la ma√±ana, porque el pa√≠s ""no est√° para esos hijueputas sustos"". Noticia en desarrollo. ü§£",1603838348.0,https://scontent.fuio23-1.fna.fbcdn.net/v/t1.6435-9/fr/cp0/e15/q65/122581788_2772895156365086_7590498770613025756_n.jpg?_nc_cat=108&ccb=1-3&_nc_sid=8024bb&_nc_ohc=RMaAcdl5KWUAX-Sb7K9&_nc_ht=scontent.fuio23-1.fna&tp=14&oh=e665478991849d4464d0beb486eead14&oe=60B12213,58,14,0
"Fuerte sismo de 4.92 grados ritcher hoy sobre las 7h00 con epicentro cerca de Machachi , se registran saqueos en Guayaquil. ü§£ !TEMBLORRR!",1603800688.0,https://scontent.fuio23-1.fna.fbcdn.net/v/t1.6435-9/fr/cp0/e15/q65/123053664_2772470556407546_6155489821062042468_n.jpg?_nc_cat=108&ccb=1-3&_nc_sid=110474&_nc_ohc=4dORZAb4EeQAX-7Sk7m&_nc_ht=scontent.fuio23-1.fna&tp=14&oh=35a7c8964a9d896b2ae86a040963e58e&oe=60B24A10,8,2,0
"üî¥. #ATENCI√ìN l El alcalde de Quito, ha dado positivo a la prueba PCR para el Covid-19 el d√≠a de hoy; su estado de salud es bueno y se mantendr√° en aislamiento durante 10 d√≠as, aunque se mostr√≥ preocupado por lo que pasara con sus ""cuysitos"". Noticia en desarrollo. üòÅ ¬°Fuerza alcalde, pronta recuperaci√≥n!",1603672082.0,https://scontent.fuio23-1.fna.fbcdn.net/v/t1.6435-9/fr/cp0/e15/q65/122851508_2771125656542036_1861806251951769802_n.jpg?_nc_cat=107&ccb=1-3&_nc_sid=8024bb&_nc_ohc=-cSICBT63G0AX_il0UP&_nc_ht=scontent.fuio23-1.fna&tp=14&oh=43d64af82536770a44ba5ecec74ed1c2&oe=60AF7C83,66,4,0
"üî¥ #URGENTE l Guillermo Lasso cansado del ""bullyng"" que le hac√≠an por ser solo ""bachiller"", a falta de uno, se compra 3 t√≠tulos de tercer nivel, uno de astronauta y uno de entrenador de f√∫tbol, porque seg√∫n sus palabras ""aqu√≠ el que tiene plata, no es ning√∫n burro"". ¬øQu√© te parece? ü§£  #Elecciones2021 #LassoBorrero2021 #ConHumor",1603490147.0,https://scontent.fuio23-1.fna.fbcdn.net/v/t1.6435-9/fr/cp0/e15/q65/122012980_2769114040076531_2018912188526062771_n.jpg?_nc_cat=110&ccb=1-3&_nc_sid=8024bb&_nc_ohc=nrpSwMMVhDUAX8RTvkm&_nc_ht=scontent.fuio23-1.fna&tp=14&oh=9ee046bb585d91a5a5a7ea26950785cb&oe=60AFF293,91,152,0
"üî¥. #ATENCI√ìN l ¬øA√∫n no te haz enterado de la ""trolleada"" √©pica al ex-presidente Abadal√° Bucaram en Twitter?. La noche de ayer usuario de la red social ""trolleo"" elegantemente al ""loco que ama"" luego de que √©ste publicar√° un Twit denunciado amenazas. ü§£ Nosotros te lo resumimos en una imagen ü§£",1603373815.0,https://scontent.fuio23-1.fna.fbcdn.net/v/t1.6435-9/fr/cp0/e15/q65/122447529_2767763610211574_2956858241857982905_n.jpg?_nc_cat=101&ccb=1-3&_nc_sid=8024bb&_nc_ohc=6VfNHQMp44wAX8jPnD3&_nc_ht=scontent.fuio23-1.fna&tp=14&oh=57f5338099cba18415071b12f0657a58&oe=60B0282C,10,0,0
"üõë #ATENCI√ìN l Ex-presidente Abdal√° Bucar√°m es ""trolleado"" de forma ""√©pica"" en Twitter, mejor dicho ""se dej√≥ ver las huevas"" el loco. ¬øQu√© te parece? üëàü§£",1603333146.0,https://scontent.fuio23-1.fna.fbcdn.net/v/t1.6435-9/fr/cp0/e15/q65/122138528_2767296113591657_2752941150567676922_n.jpg?_nc_cat=111&ccb=1-3&_nc_sid=110474&_nc_ohc=4jJuu1Z14wMAX9mAWmq&_nc_ht=scontent.fuio23-1.fna&tp=14&oh=53121b513d8357493aeb02bc5f3f3da1&oe=60B24D90,15,3,0
El Presidente de la Rep√∫blica env√≠a un important√≠simo mensaje a trav√©s de cadena nacional sobre lo que pasar√° con la pandemia del COVID-19 los pr√≥ximos dias en el Ecuador. Noticia en desarrollo  #ElpeorGobiernodelaHistoria #Pandemia #ConHumor,1603320305.0,https://static.xx.fbcdn.net/rsrc.php/v3/yO/r/tlBBJvkvBea.png,26,133,0
"üî¥ #ATENCI√ìN l Guillermo Lasso demandar√° a vendedora de ""hallullas"" de Latacunga, porque seg√∫n el ya lleva casi una semana con tremenda ""churreta"" desde que se comi√≥ esa ""huevada"" por andar haciendo campa√±a. Noticia en desarrollo ü§£  #Elecciones2021 #LassoBorrero #ConHumor",1603309143.0,https://scontent.fuio23-1.fna.fbcdn.net/v/t1.6435-9/fr/cp0/e15/q65/121810864_2767021823619086_6328181452113198553_n.jpg?_nc_cat=109&ccb=1-3&_nc_sid=8024bb&_nc_ohc=k9euaUazhP8AX8b51wZ&_nc_oc=AQkREBzRYyR1GIGAU9StqrEGXhMyx4t3NF-_g-jrjuSEKUNJCRcOHsZsrLWc7nAJFFY&_nc_ht=scontent.fuio23-1.fna&tp=14&oh=b8e0a4477f032b8270ed12962cab5193&oe=60B189C4,90,51,0
"El Comercio October 20, 2020 at 11:00 AM ¬∑  #GrandeRichie üö¥üôåüèª | Richard Carapaz debuta con podio en la primera etapa de #LaVuelta20 üöÇüá™üá® ¬ªhttps://bit.ly/3jboItL",1603209941.0,https://scontent.fuio23-1.fna.fbcdn.net/v/t1.6435-9/fr/cp0/e15/q65/121993066_3993230890700643_8804312055775319775_n.jpg?_nc_cat=101&ccb=1-3&_nc_sid=8024bb&_nc_ohc=MnUQh5ThIeAAX_RVrZv&_nc_ht=scontent.fuio23-1.fna&tp=14&oh=833f249c17d7d9bfc746ac36bd08db51&oe=60AF006A,15,0,2
"üî¥ #ATENCI√ìN l En su visita por Cotopaxi, el candidato Guillermo Lasso manifest√≥ que ""los serranos si que comen huevadas"", despu√©s de probar una ""allulla"" que una comerciante del sector le ofreciera amablemente, as√≠ demuestra su ""amor"" por las diferentes regiones de la patria. ¬øQu√© te parece? ü§£  #Elecciones2021Ec #LassoBorrero2021 #ConHumor",1602971030.0,https://scontent.fuio23-1.fna.fbcdn.net/v/t1.6435-9/fr/cp0/e15/q65/121481080_2763224727332129_3493742993809484032_n.jpg?_nc_cat=105&ccb=1-3&_nc_sid=8024bb&_nc_ohc=RotJdBViouUAX_f6xDh&_nc_ht=scontent.fuio23-1.fna&tp=14&oh=f01ac9411d9a1d9b59ca04755b03b083&oe=60B16A70,51,33,0
"üî¥ #ATENCI√ìN l El ""astro"" portugues ha comunicado a trav√©s de sus redes sociales que ""ha superado el Covid-19"", eso s√≠, comiendo ""harto cuy"" y ""colada morada"" gracias a los consejos de un ""mijin"" ecuatoriano que trabaja limpiando la caca de los perros en su casa. ¬øQu√© te parece? ü§£",1602897937.0,https://scontent.fuio23-1.fna.fbcdn.net/v/t1.6435-9/fr/cp0/e15/q65/121666292_2762389517415650_3639935440485945285_n.jpg?_nc_cat=101&ccb=1-3&_nc_sid=8024bb&_nc_ohc=Zgy01GNZyxYAX_QxQ43&_nc_ht=scontent.fuio23-1.fna&tp=14&oh=27a0d6ceb61c12b514a0608d8d219516&oe=60B03F32,29,6,0
"üî¥. #URGENTE l Presidente anuncia creaci√≥n de ""nuevo impuesto"" sobre la ""colada morada y las guagas de pan"", fondos con los que esperan pagar las ""navidades"" de todos los ministros; adem√°s a√±adi√≥ que; ""al que no le guste, que se joda""; noticia en desarrollo. ü§£  #ElPeorGobiernoDeLaHistoria #guaguasdepan #ConHumor",1602896144.0,https://scontent.fuio23-1.fna.fbcdn.net/v/t1.6435-9/fr/cp0/e15/q65/121960170_2762366424084626_8838841532262430960_n.jpg?_nc_cat=111&ccb=1-3&_nc_sid=8024bb&_nc_ohc=5z1Cs15p9-4AX_lbaBy&_nc_ht=scontent.fuio23-1.fna&tp=14&oh=e51a12eef3adf5f70c5c204b2c9685c3&oe=60B10D02,33,6,0
"El Comercio October 15, 2020 at 9:50 AM ¬∑  #GraciasJhonatan üá™üá® |¬°Hist√≥rico! Jhonatan Narv√°ez se convierte en el tercer ecuatoriano en ganar una etapa en el #GiroDeItalia üö¥üí™ ¬ª https://bit.ly/3nWxRKg",1602774261.0,https://scontent.fuio23-1.fna.fbcdn.net/v/t1.6435-9/fr/cp0/e15/q65/121809132_3978591552164577_419836792055515245_n.jpg?_nc_cat=111&ccb=1-3&_nc_sid=8024bb&_nc_ohc=-PPRWb563UUAX8isZ8T&_nc_ht=scontent.fuio23-1.fna&tp=14&oh=e24f804541198eb06a859c65a64e8f40&oe=60B0F820,13,1,0
"üõë #VIDEO l Jacobo Bucaram alias ""Jacobito"" emite impactantes declaraciones desde la c√°rcel de Latacunga; esc√∫chalo completo, se sorprender√°. üëàü§£",1602711159.0,https://static.xx.fbcdn.net/rsrc.php/v3/yO/r/tlBBJvkvBea.png,8,1,0
"üî¥ #ATENCI√ìN l Alcaldesa de Guayaquil sube foto a su perfil de instagram con mensaje alusivo al triunfo de ""La Tri"", algo nos dice que hoy se va a hacer funda la ""edil"". Noticia en desarrollo ü§£",1602639120.0,https://scontent.fuio23-1.fna.fbcdn.net/v/t1.6435-9/fr/cp0/e15/q65/121570966_2759582397696362_2535840934734591525_n.jpg?_nc_cat=111&ccb=1-3&_nc_sid=8024bb&_nc_ohc=3G-4EC7n75UAX-RKpej&_nc_ht=scontent.fuio23-1.fna&tp=14&oh=8d1c01371ae66b7338ab3bff7a47ebe4&oe=60B2B88C,80,8,0
"üî¥. #URGENTE l Luego del triunfo de ""La Tri"", el gobierno aprovechar√° que todo el mundo esta como ""shunsho"" con la victoria de la selecci√≥n para anunciar el incremento del IVA al 15%, ""porque no todo son risitas"" dij√≥ el mandatario. ¬øest√°s de acuerdo?. Noticia en desarrollo ü§£  #fakenews #NoticiaFalsa #Nosecreer√°n #shunshos",1602637855.0,https://scontent.fuio23-1.fna.fbcdn.net/v/t1.6435-9/fr/cp0/e15/q65/121584846_2759570141030921_6636716388441918000_n.jpg?_nc_cat=109&ccb=1-3&_nc_sid=8024bb&_nc_ohc=nNpNTZ7tjWUAX-6aZ5_&_nc_ht=scontent.fuio23-1.fna&tp=14&oh=69fadb9d08037c0db1e004da8e3c29e9&oe=60AF922B,19,4,0
"El Comercio October 13, 2020 at 4:52 PM ¬∑  ¬°LA SEGUNDA TRICOLOR! üá™üá®üôå‚öΩ Michael Estrada aumenta el marcador. #Ecuador 2-0 #Uruguay ¬ª https://bit.ly/3163siZ",1602626129.0,https://scontent.fuio23-1.fna.fbcdn.net/v/t1.6435-9/fr/cp0/e15/q65/121580931_3973392939351105_7364326417100982150_n.jpg?_nc_cat=105&ccb=1-3&_nc_sid=8024bb&_nc_ohc=o6-_G73rksQAX_mYEC2&_nc_ht=scontent.fuio23-1.fna&tp=14&oh=ffb7bea80abd6503929fc8348672a974&oe=60AFD7A2,6,0,0
"El Comercio October 13, 2020 at 4:24 PM ¬∑  ¬°GOOOOOOL ECUATORIANO! üá™üá®üôå‚öΩ Mois√©s Caicedo pone la primera para la Tri. #Ecuador 1-0 #Uruguay ¬ª https://bit.ly/3163siZ",1602624286.0,https://scontent.fuio23-1.fna.fbcdn.net/v/t1.6435-9/fr/cp0/e15/q65/121621247_3973341122689620_3352872866221088213_n.jpg?_nc_cat=111&ccb=1-3&_nc_sid=8024bb&_nc_ohc=bAv33N0MgvIAX_PIHcB&_nc_ht=scontent.fuio23-1.fna&tp=14&oh=697aaeee6cf4599dd1b99148ba13975c&oe=60B072BA,10,0,3
"üî¥ #ATENCI√ìN l ""No har√°n pintar por las huevas"", fu√© el mensaje del presidente de la rep√∫blica para ""la Tri"" antes de su partido de hoy frente a Uruguay en Quito. Ese es el sentir de 17 millones de ecuatorianos que hoy queremos que nuestra selecci√≥n GANE... ¬°VAMOS ECUADOR! üá™üá®üá™üá®üá™üá®üá™üá®üá™üá®üá™üá®",1602613806.0,https://scontent.fuio23-1.fna.fbcdn.net/v/t1.6435-9/fr/cp0/e15/q65/121525408_2759327241055211_5079126471713797803_n.jpg?_nc_cat=108&ccb=1-3&_nc_sid=8024bb&_nc_ohc=TPfCZPtYL-AAX8sqS3B&_nc_ht=scontent.fuio23-1.fna&tp=14&oh=0a501f4b51b9cb6141ca8a00ff2f9190&oe=60B01BAA,45,5,0
"Presidente de la rep√∫blica manda todo su apoyo a trav√©s de Twitter a la ""tri"" por su derrota frente a Argentina en Buenos Aires; as√≠ se levanta el √°nimo a los muchachos. üëàü§£  #ValenVerga #GronesHediondos #ConHumor",1602210663.0,https://scontent.fuio23-1.fna.fbcdn.net/v/t1.6435-9/fr/cp0/e15/q65/121197735_2755365191451416_3809482013409124128_n.jpg?_nc_cat=100&ccb=1-3&_nc_sid=110474&_nc_ohc=NkPWnOg5ftEAX9cCH-G&_nc_ht=scontent.fuio23-1.fna&tp=14&oh=7675216278d92ba6387b01212f7b779c&oe=60B228EC,18,7,0
¬°COMO DIR√çA DON LASSO! VAMOS MI ECUADOR VAMOS MI SELECCI√ìN ¬°YA QUE CHUCHA!,1602200061.0,,3,0,0
"üî¥ #ULTIMAHORA l Consejo Nacional Electoral admite inscripci√≥n del binomio ""Jorgito Guayaco - Julissa"" por el partido ""Ya que chucha Ecuador"", una vez que Alvarito Noboa ha declinado definitivamente su participaci√≥n. ¬øCrees que tienen posibilidades?. Noticia en desarrollo ü§£  #JorgitoGuayaco #julissa #yaquechucha #ConHumor",1602120953.0,https://scontent.fuio23-1.fna.fbcdn.net/v/t1.6435-9/fr/cp0/e15/q65/121000586_2754455661542369_6338093607577090292_n.jpg?_nc_cat=103&ccb=1-3&_nc_sid=8024bb&_nc_ohc=k5VCNEXYkN8AX-OEsXb&_nc_ht=scontent.fuio23-1.fna&tp=14&oh=5fa91979c0b60f5cfdf594549a76abe1&oe=60B1E790,64,14,0
"üî¥ #URGENTE l Justicia ecuatoriana (dizque), vuelve a enviar petici√≥n de emisi√≥n de ""alerta roja"" internacional para Rafael Correa a la INTERPOL, y el ente internacional ""vuelve a cagase de la risa en la cara de la fiscal 10/20"". Noticia en desarrollo üòÇ",1602102320.0,https://scontent.fuio23-1.fna.fbcdn.net/v/t1.6435-9/fr/cp0/e15/q65/120848201_2754267861561149_5264519941176860718_n.jpg?_nc_cat=104&ccb=1-3&_nc_sid=8024bb&_nc_ohc=5DsOKGvtUfAAX-nUq2W&_nc_ht=scontent.fuio23-1.fna&tp=14&oh=0f57ad295c5234f255ca76a964e3de8f&oe=60B06D8A,80,58,0
"üî¥ #ATENCI√ìN l Richard Mart√≠nez renunci√≥ esta ma√±ana a la cartera de #finanzas y manifest√≥ ""ah√≠ queda esa huevada"", que √©l se va a ""disfrutar de su plata"" en Miami. Martinez es el cuarto ministro que pasa por √©ste cargo en el #PeorGobiernoDeLaHistoria. Noticia en desarrollo ü§£  #RichardYsuPlata #jodiendoalecuador #ConHumor",1602099024.0,https://scontent.fuio23-1.fna.fbcdn.net/v/t1.6435-9/fr/cp0/e15/q65/120886935_2754237324897536_3369443838791086147_n.jpg?_nc_cat=107&ccb=1-3&_nc_sid=8024bb&_nc_ohc=1Icyn5D9URgAX_50SSr&_nc_ht=scontent.fuio23-1.fna&tp=14&oh=7640168df7801fae8888a28145cb0e43&oe=60AF5F84,81,30,0
"Esta ma√±ana el director del FMI ha puesto en una disyuntiva al presidente Moreno; ""ponerse en cuatro"" o ""subir el IVA al 15%"" a cambio de los favores del ente monetario internacional. ¬øT√∫ que le recomendar√≠as al presidente hacer por el bien del pa√≠s?. Noticia en desarrollo ü§£  #FMI #MorenoPonteEn4 #ConHumor #noseofeder√°n",1602010761.0,https://scontent.fuio23-1.fna.fbcdn.net/v/t1.6435-9/fr/cp0/e15/q65/120712695_2753372421650693_7961477186575174817_n.jpg?_nc_cat=103&ccb=1-3&_nc_sid=8024bb&_nc_ohc=DO8-BxkM5KQAX92CU1T&_nc_ht=scontent.fuio23-1.fna&tp=14&oh=6ef76cdf4ddf2a33de43b804e732747a&oe=60B154E1,36,20,0
"Virgilio Hern√°ndez fue detenido √©sta ma√±ana a las afueras de su domicilio ""por feo"", seg√∫n hace constar el parte policial firmado por la fiscal 10/20, porque a estas alturas todo puede pasar en el ""pa√≠s de Manuelito"". ¬øQu√© te parece? ü§£  #EcuadorSinLey #JusticiaSecuestrada #ConHumor #noseofeder√°n",1601936141.0,https://scontent.fuio23-1.fna.fbcdn.net/v/t1.6435-9/fr/cp0/e15/q65/120902136_2752525741735361_5238285893626562540_n.jpg?_nc_cat=111&ccb=1-3&_nc_sid=8024bb&_nc_ohc=DLcWgtyQ_VwAX9djIio&_nc_ht=scontent.fuio23-1.fna&tp=14&oh=e87fbd1f3ec3ec8977a5cca582e4262d&oe=60AF22FD,41,21,0
"El presidente de la rep√∫blica felicit√≥ a Felipe Caicedo, por ganar la 3¬™ etapa del #giro de italia, dejando por todo lo alto el nombre de nuestro pa√≠s. ¬øalgo no cuadra no?. Noticia en desarrollo ü§£",1601933739.0,https://scontent.fuio23-1.fna.fbcdn.net/v/t1.6435-9/fr/cp0/e15/q65/121035453_2752506458403956_1303694661743568710_n.jpg?_nc_cat=108&ccb=1-3&_nc_sid=8024bb&_nc_ohc=fSSHQ28aXZAAX_hTxz-&_nc_ht=scontent.fuio23-1.fna&tp=14&oh=6921a9b4738d4fa463c3f1e9a11dc5b2&oe=60B1DCAF,43,21,0
"Jorge Yunda fue cazado esta tarde tambi√©n peg√°ndose unos ""guaros"" con sus panas de la #ferroviaria, pero √©l si como buen #INDIO que es, peg√°ndose el Switch ""no huevadas"" como las ani√±adas. Noticia en desarrollo ü§£  #JorgeYunda #QuitoSinAlcalde #ConHumor",1601776040.0,https://scontent.fuio23-1.fna.fbcdn.net/v/t1.6435-9/fr/cp0/e15/q65/120796196_2750907965230472_4247797154816788635_n.jpg?_nc_cat=111&ccb=1-3&_nc_sid=8024bb&_nc_ohc=MEzkq8UKL1QAX9_yhpS&_nc_ht=scontent.fuio23-1.fna&tp=14&oh=a90b541bf693a2d9f13bd719e3635299&oe=60B13EE5,34,2,0
"La alcadesa de Guayaquil manifest√≥ esta tarde sentirse agobiada con las criticas y burlas que ha recibido estos d√≠as, indicando que ella ""no necesita cerveza, que lo que ella necestia es AMOR, COMPRENSI√ìN Y TERNURAAAAAAA"". Noticia en desarrollo üòÇ  #CynthiaViteri #ConHumor #noseofeder√°n",1601772308.0,https://scontent.fuio23-1.fna.fbcdn.net/v/t1.6435-9/fr/cp0/e15/q65/120770962_2750874371900498_1752685089351780960_n.jpg?_nc_cat=101&ccb=1-3&_nc_sid=8024bb&_nc_ohc=Alkr-pjiaBQAX-wOWXU&_nc_ht=scontent.fuio23-1.fna&tp=14&oh=a7767e98d3351aa828a1fac32867441b&oe=60AFFA5C,82,6,0
"Alcaldesa de Guayaquil, Cynthia Viteri sube foto en su perfil de #instagram en la que pide a sus hijos no ir a casa ya que ella y pap√° est√°n #chuchaquis despu√©s de la chuma de la noche anterior. Noticia en desarrollo ü§£  #LaNoticiaDelD√≠a #CynthiaViteri #noseofeder√°n",1601692789.0,https://scontent.fuio23-1.fna.fbcdn.net/v/t1.6435-9/fr/cp0/e15/q65/120770962_2750023281985607_7992104135628409254_n.jpg?_nc_cat=102&ccb=1-3&_nc_sid=8024bb&_nc_ohc=iKgwuSn-z_wAX-SyJLI&_nc_ht=scontent.fuio23-1.fna&tp=14&oh=496f7bd18057b0fefc88a4d63715af3d&oe=60AF66A4,90,18,0
"¬°A 1 solo ""like"" de los 10.000 seguidores! üëèüëèüëèüëèüëèüëè ¬°GRACIAS TOTALES, seguiremos ""desinformando con veracidad"" sin que nadie se ofenda, o bueno lo intentaremos! ü§£ü§£ü§£ü§£ü§£ü§£ü§£ü§£ü§£ü§£ü§£ü§£  Att. ""El Culimercio""",1601689368.0,https://scontent.fuio23-1.fna.fbcdn.net/v/t1.6435-9/fr/cp0/e15/q65/120737782_2749991255322143_6271841148251267067_n.jpg?_nc_cat=101&ccb=1-3&_nc_sid=110474&_nc_ohc=ezDt7GQiskwAX_FxsCB&_nc_ht=scontent.fuio23-1.fna&tp=14&oh=4c0f59210689d6a1e7b68d4db4584139&oe=60B186C4,33,3,0
"Donald Trump alias ""perro rabioso"" y su esposa, dan positivo a la prueba de COVID-19, por lo que son aislados, y amarrados con bozal en el s√≥tano de la Casa Blanca por precauci√≥n. Noticia en desarrollo ü§£  #AlEstiloCynthia #Conhumor #Trump",1601687005.0,https://scontent.fuio23-1.fna.fbcdn.net/v/t1.6435-9/fr/cp0/e15/q65/120707591_2749966591991276_4714915650289055016_n.jpg?_nc_cat=100&ccb=1-3&_nc_sid=8024bb&_nc_ohc=bUDn4F6R0s8AX-cvquk&_nc_ht=scontent.fuio23-1.fna&tp=14&oh=fa5d95cd9fb549f3528e54501c0d4769&oe=60AFF7BD,36,1,0
"La alcadesa de Guayaquil, Cynthia Viteri alias ""la colorada infiel"" se ha pegado tremendo cabreo por las imagenes suyas difundidad en redes sociales donde se la ve ""libando"" junto a un grupo de alcoholicos sin usar masacarilla ni respetando el distanciamiento social; osea mejor dicho ""YA SE EMPUT√ì"" ü§£",1601671589.0,https://scontent.fuio23-1.fna.fbcdn.net/v/t1.6435-9/fr/cp0/e15/q65/120764420_2749832265338042_6534049227043066182_n.jpg?_nc_cat=107&ccb=1-3&_nc_sid=8024bb&_nc_ohc=57KWMt9ri6IAX_9pNCj&_nc_ht=scontent.fuio23-1.fna&tp=14&oh=1ea1cfa807d65dda638053208e6978ae&oe=60B26672,1081,708,0
"Guillermo Lasso habr√≠a sido ingresado la noche de ayer a un hospital de Guayaquil, luego de haberse enterado que el C.N.E. aprob√≥ la participaci√≥n del #binomio de la esperanza en las pr√≥ximas elecciones; el diagnostico fue un ""cuadro severo de churreta y culillo agudos"" osea mejor dicho, se est√° ""CAGANDO"". Noticia en desarrollo ü§£  #Elecciones2021 #LassoBorrero2021 #ConHumor #noseofeder√°n",1601571338.0,https://scontent.fuio23-1.fna.fbcdn.net/v/t1.6435-9/fr/cp0/e15/q65/120497760_2748800992107836_5093474274207531661_n.jpg?_nc_cat=101&ccb=1-3&_nc_sid=8024bb&_nc_ohc=iKkY9M9Wtn8AX9Doq8R&_nc_ht=scontent.fuio23-1.fna&tp=14&oh=08efbbf0d0fd4ba97e3a03a6882f5828&oe=60AFCC64,120,36,0
"Esta ma√±ana una cerda ha presentado ante la #fiscal√≠a una demanda de #paternidad contra Abdal√° Bucar√°m quien supuestamente ser√≠a el progenitor de sus 8 lechones, solicita realizar prueba de #ADN. Noticia en desarrollo üêΩ  #ADNdelloco #losbucar√°m #quefamilia #quepandilla",1601494199.0,https://scontent.fuio23-1.fna.fbcdn.net/v/t1.6435-9/fr/cp0/e15/q65/120223577_2747942865526982_860435665257227503_n.jpg?_nc_cat=104&ccb=1-3&_nc_sid=8024bb&_nc_ohc=xOITFNczrw4AX8kEOVV&_nc_ht=scontent.fuio23-1.fna&tp=14&oh=3cf05fa65f97c0b5e476fcea4f18bdb4&oe=60B18D16,87,16,0
"Esta ma√±ana el ex-presidente Correa fu√© sorprendido por su esposa en el balc√≥n de su √°tico belga gritando ""si quieren matarme, m√°tenme chucha"", a lo que reaccion√≥ como lo hubiera hecho cualquiera, y con un buen ""carajazo y un estate quieto"" lo mando para adentro a seguir lavando los platos a ver si as√≠ lo supera. ¬øQu√© te parece? ü§£  #30S #ElLocoDelAtico #ConHumor #Noseofeder√°n",1601486646.0,https://scontent.fuio23-1.fna.fbcdn.net/v/t1.6435-9/fr/cp0/e15/q65/120424173_2747863675534901_9143636834152991181_n.jpg?_nc_cat=104&ccb=1-3&_nc_sid=8024bb&_nc_ohc=dapNJuEomJgAX8ypBET&_nc_ht=scontent.fuio23-1.fna&tp=14&oh=400bdee3a364ebf9ec0c3f8cb611f389&oe=60B25FE4,31,61,0
"""Jacobito"", sigue contando toda la ""huevada"" desde Latacunga; y √©sta vez le toca a su #√±a√±o Dalo Bucar√°m; qui√©n ser√≠a esteril teniendo 4 hijos con la Gaby Pazmi√±o ü§£ü§£  #DaloCachudo #losbucar√°m #quefamilia #quepandilla",1601252561.0,https://scontent.fuio23-1.fna.fbcdn.net/v/t1.6435-9/fr/cp0/e15/q65/120390979_2745262202461715_8666959181786832629_n.jpg?_nc_cat=104&ccb=1-3&_nc_sid=8024bb&_nc_ohc=JH8x6Nco0KEAX95TQde&_nc_ht=scontent.fuio23-1.fna&tp=14&oh=3ebfaba22b598a65e39811b905802778&oe=60B244EC,125,56,0
Im√°genes en video exclusivas de la entrada de #Jacobito Bucar√°m a la c√°rcel de Latacunga. El tema del d√≠a dando mucho de s√≠. Noticia en desarrollo ü§£  #LosBucar√°m #Qu√©Familia #Qu√©Pandilla,1601172111.0,https://static.xx.fbcdn.net/rsrc.php/v3/yO/r/tlBBJvkvBea.png,77,7,0
"Jacobo Bucar√°m luego de ser trasladado a la c√°rcel de Latacunga, ha lanzado la siguiente amenaza: ""se jodieron chucha, ahora si voy a contar toda la huevada"" y ha empezado con algo que era un secreto a voces, ¬øacaso alguien lo dudaba? ü§£ü§£ü§£ #LosBucaram #Qu√©Familia #ConHumor",1601169110.0,https://scontent.fuio23-1.fna.fbcdn.net/v/t1.6435-9/fr/cp0/e15/q65/120340424_2744394669215135_4438612464759971942_n.jpg?_nc_cat=111&ccb=1-3&_nc_sid=8024bb&_nc_ohc=OMc-pxlO4zoAX8WoVaw&_nc_ht=scontent.fuio23-1.fna&tp=14&oh=9920e14414b519545626b33fd6ea540e&oe=60B19F36,149,61,0
"Se filtran im√°genes de la celda de #Jacobito en #Latacunga; desde d√≥nde sigue manteniendo que es #inocente, mejor dicho, ""casi un santo"". ¬øT√∫ le crees? üßê  #JacoboBucaram #RataImnunda #ConHumor #Altarro  S√≠guenos en Twitter @culimercio",1601160778.0,https://scontent.fuio23-1.fna.fbcdn.net/v/t1.6435-9/fr/cp0/e15/q65/120278261_2744322149222387_8673654724108557714_n.jpg?_nc_cat=102&ccb=1-3&_nc_sid=8024bb&_nc_ohc=TynFT3-5OAEAX-aNX3r&_nc_ht=scontent.fuio23-1.fna&tp=14&oh=1fd3a73c55fa92a2a4296df2d6169469&oe=60B0C988,23,2,0
"El banquero y candidato Guillermo Lazzo; ha dicho que ""Jacobito es un buen muchacho"" como era √©l mismo de j√≥ven y que de ganar la presidencia lo sacar√°n de la c√°rcel de inmediato. Noticia en desarrollo üòù  #LassoYJacobito #ConHumor #EsNoticiaFalsa #NoSeCreer√°n",1601159089.0,https://scontent.fuio23-1.fna.fbcdn.net/v/t1.6435-9/fr/cp0/e15/q65/120218426_2744307539223848_7377616098343396861_n.jpg?_nc_cat=103&ccb=1-3&_nc_sid=8024bb&_nc_ohc=FhSyaNv5G5gAX9ysxb4&_nc_ht=scontent.fuio23-1.fna&tp=14&oh=66c57f132ebdf2440c02ad4d8f2cab44&oe=60AF5695,89,173,0
"Director del ISSPOL (Instituto de la Seguridad Social de la Polic√≠a) ha declarado esta tarde que tras la estafa que sufri√≥ la entidad; los ""bodys"" deber√°n ver reducido su cupo anual de ""mozitas"" a solo 1 o 2 m√°ximo hasta el 2025. ¬øQu√© penita no? üòÇ  #ISSPOL #PobresChapas #ConHumor",1601084048.0,https://scontent.fuio23-1.fna.fbcdn.net/v/t1.6435-9/fr/cp0/e15/q65/120250908_2743530829301519_1447353166397021756_n.jpg?_nc_cat=103&ccb=1-3&_nc_sid=8024bb&_nc_ohc=DUon8OEzy1cAX9QHs6n&_nc_ht=scontent.fuio23-1.fna&tp=14&oh=3626597e3aa9d11294c0b950d7786cda&oe=60B09361,51,18,0
"Al grito de ""mijo es inocente chucha, lo juro por mis Santos sacos de yute"", el loco Abdal√° Bucar√°m acus√≥ hoy al gobierno de estar ""sebandose"" con el seboso de su hijo #jacobito, ¬øT√∫ le crees? üò°  #YoNO #BucaramRatas #FamiliaDeChoros #ConHumor",1601081972.0,https://scontent.fuio23-1.fna.fbcdn.net/v/t1.6435-9/fr/cp0/e15/q65/120269389_2743511825970086_8905751687757702235_n.jpg?_nc_cat=111&ccb=1-3&_nc_sid=8024bb&_nc_ohc=X9HrKRj5IH8AX8xnNdj&_nc_ht=scontent.fuio23-1.fna&tp=14&oh=b7125213ee19666873165198ec2520ac&oe=60B1372D,30,5,0
"HORA l Polic√≠a colombiana detiene a JACOBO BUCAR√ÅM, im√°genes exclusivas; noticia en desarrollo üòÇüëá  #CayoElMarrano #AlTacho #ConHumor",1601006012.0,https://scontent.fuio23-1.fna.fbcdn.net/v/t1.6435-9/fr/cp0/e15/q65/120254650_2742666576054611_5345825568752425188_n.jpg?_nc_cat=100&ccb=1-3&_nc_sid=110474&_nc_ohc=yQWxcR3oPiUAX_4N3RW&_nc_ht=scontent.fuio23-1.fna&tp=14&oh=0dea8d089987b74f98d56f8ef241fce1&oe=60AF02E5,95,12,0
"Rafael Correa habr√≠a sido arrestado en B√©lgica seg√∫n #CEDATOS, lo que le quita el 99% de fiabilidad a la noticia üòÇ  ¬°Para que vean los ""borricos que es feo que les mientan!  #Casobochornos #ConHumor #Noseofenderan",1600986609.0,https://scontent.fuio23-1.fna.fbcdn.net/v/t1.6435-9/fr/cp0/e15/q65/119953398_2742390116082257_3233016774929304309_n.jpg?_nc_cat=107&ccb=1-3&_nc_sid=8024bb&_nc_ohc=r5OxL0xixgEAX8-8iKI&_nc_ht=scontent.fuio23-1.fna&tp=14&oh=5bf0fff5daa17ce3a9e2777dd28506d8&oe=60B08D9B,33,30,0
"Seg√∫n encuesta de CEDATOS patrocinada por Len√≠n Moreno y Guillermo Lasso; el 99% de ecuatorianos ""adora a los agentes de tr√°nsito y tamb√≠en odia el encebollado"" ¬øTu les crees? üßê  #Cerdatos #mentirosos #conhumor #noseofender√°n",1600977392.0,https://scontent.fuio23-1.fna.fbcdn.net/v/t1.6435-9/fr/cp0/e15/q65/120034667_2742377936083475_2356260612898563744_n.jpg?_nc_cat=103&ccb=1-3&_nc_sid=8024bb&_nc_ohc=VhXn3_PNPO4AX9s2YXz&_nc_ht=scontent.fuio23-1.fna&tp=14&oh=1981da669f90d0a9469b2b30710c927e&oe=60AFF817,36,5,0
"Seg√∫n Guillermo Lasso ""cualquier natural tiene unos centavitos en Panam√° o Suiza"", y dijo que ""no entiende tanta alaraca de la gente"" ¬øest√°s de acuerdo? üò°  #Elecciones2021 #ConHumor #Noseofender√°n",1600908896.0,https://scontent.fuio23-1.fna.fbcdn.net/v/t1.6435-9/fr/cp0/e15/q65/120138154_2741611336160135_2700819012605284014_n.jpg?_nc_cat=110&ccb=1-3&_nc_sid=8024bb&_nc_ohc=xYlrHV5T5QAAX_lyt9k&_nc_ht=scontent.fuio23-1.fna&tp=14&oh=fc9071b8f833c00851c452ffda19f642&oe=60B0D259,29,41,0
"Len√≠n Moreno ha anunciado el d√≠a de hoy a trav√©s de su cuenta de Twitter @lenin, que restaurar√° el popular ""Diablo de Tandapi"" ya que su imagen le recuerda mucho a su adorada y ""bella"" esposa Roc√≠o. La restauraci√≥n le costar√° al estado al rededor de 200 millones de d√≥lares, y ser√° considerada la obra ""m√°s importante"" del Gobierno del presidente Moreno. Noticia en desarollo ¬øQu√© te parece? üòÇ  #RocioEsElDiablo #ConHumor #Noseofender√°n  S√≠guenos en Twitter @culimercio",1600904696.0,https://scontent.fuio23-1.fna.fbcdn.net/v/t1.6435-9/fr/cp0/e15/q65/120137590_2741571176164151_4814170268643069292_n.jpg?_nc_cat=110&ccb=1-3&_nc_sid=8024bb&_nc_ohc=9kyDOOe61AgAX_UHId7&_nc_ht=scontent.fuio23-1.fna&tp=14&oh=3adf00dee67491fae9772759e72f14a3&oe=60B07B06,66,28,0
"Tremendo ""degenere"" captado en video a las afueras de la #asamblea nacional, se rumorea que participantes son miembros afines al partido de gobierno. Noticia en desarrollo ü§£  #politicosperros #degenere #Conhumor  S√≠guenos en Twitter @culimercio",1600827211.0,https://static.xx.fbcdn.net/rsrc.php/v3/yO/r/tlBBJvkvBea.png,8,0,0
"HORA: Al final se juega el partido ""sin choros, ni marihuanos en la grada"" y el #idolosh cae en su estadio ante el #Flamengo y por la sombrita, ""eliminado de la copa"". SE REGISTRAN SAQUEOS EN GUAYAQUIL üòÇ  #CopaLibertadores #idolosh #Copialona #ConHumor",1600820901.0,https://scontent.fuio23-1.fna.fbcdn.net/v/t1.6435-9/fr/cp0/e15/q65/120084674_2740640679590534_8264807027116470223_n.jpg?_nc_cat=100&ccb=1-3&_nc_sid=8024bb&_nc_ohc=P1wvhLQGO2sAX9rHeJd&_nc_ht=scontent.fuio23-1.fna&tp=14&oh=0307dee3f4da55761bb3e82471107852&oe=60AFDE05,33,15,0
"El estadio Monumental del #Copialona ha quedado inhabilitado para el partido contra el Flamengo por haberse detectado miles de casos de ""guayacos choros y marihuaneros""; ah y tambi√©n 1 solo caso de #COVID-19; lo que pone en alto riesgo a la ciudadan√≠a. Noticia en desarrollo ü§£  #CopaLibertadores #Barceleche #ConHumor #noseofender√°n  S√≠guenos en Twitter @culimercio",1600806232.0,https://scontent.fuio23-1.fna.fbcdn.net/v/t1.6435-9/fr/cp0/e15/q65/120004981_2740504029604199_6059307712658101848_n.jpg?_nc_cat=111&ccb=1-3&_nc_sid=8024bb&_nc_ohc=RulaHy9fgBsAX-FRsVg&_nc_ht=scontent.fuio23-1.fna&tp=14&oh=6ba91bfa3242cbedc9b7c4b39f13a6ff&oe=60B1A8CB,32,11,0
"Arde Troya, CNE ""descalifica"" de la carrera electoral al ""binomio de la esperanza"" correista, y proclama directamente como #presidente a Guillermo Lasso, con el fin de ahorrarse la plata de armar elecciones, si al final ya todo el mundo sabe ""qui√©n"" va a ganar ""COMO SEA"" ¬øest√°s de acuerdo? ü§£ #Elecciones2021 #EsNoticiaFalsa #SoloEsMeme #noseofender√°n S√≠guenos en Twitter @culimercio",1600795191.0,https://scontent.fuio23-1.fna.fbcdn.net/v/t1.6435-9/fr/cp0/e15/q65/120006675_2740380329616569_1287644897060571279_n.jpg?_nc_cat=108&ccb=1-3&_nc_sid=8024bb&_nc_ohc=TYJ30CnxZAQAX-0bbCz&_nc_ht=scontent.fuio23-1.fna&tp=14&oh=b907f5d17037fc6c61a26b3a915b4519&oe=60B21CFD,20,6,0
"""Eliminaremos el EAES para ver si todos esos guambras #cacas al fin pueden entrar a la universidad ya que la cabeza no les da para m√°s"" manifest√≥ el candidato presidencial Yaku Perez el d√≠a de hoy como estrategia de campa√±a. ¬øest√°s de acuerdo? ü§®üëá  #elecciones2021 #ConHumor #noseofender√°n",1600793442.0,https://scontent.fuio23-1.fna.fbcdn.net/v/t1.6435-9/fr/cp0/e15/q65/120027805_2740355416285727_8401574963035394568_n.jpg?_nc_cat=107&ccb=1-3&_nc_sid=8024bb&_nc_ohc=g2pfcSNXiSsAX8euoGp&_nc_ht=scontent.fuio23-1.fna&tp=14&oh=f82bdd7104e971a42c3c4facc8cffc40&oe=60B1FFBC,30,10,0
Captado en video el momento preciso en que un #agente de tr√°nsito es sobornado por conductor sin puntos en su licencia de conducir üëàü§£  #ANT #AsiSonDeBurros #ConHumor #Noseofender√°n,1600776914.0,https://static.xx.fbcdn.net/rsrc.php/v3/yO/r/tlBBJvkvBea.png,53,13,0
Representantes del Cuerpo de Agentes de tr√°nsito de Quito han declarado que los conductores lo que les tienen es #envidia; todo esto en relaci√≥n a las m√∫ltiples quejas de varios ciudadanos del abuso en la imposici√≥n de multas en la capital. ¬øEst√°s de acuerdo? ü§®üëá  #QuitoSinLey #ConHumor #ANTecuador  S√≠guenos en Twitter @culimercio,1600730507.0,https://scontent.fuio23-1.fna.fbcdn.net/v/t1.6435-9/fr/cp0/e15/q65/120091548_2739713386349930_8777958781837935138_n.jpg?_nc_cat=103&ccb=1-3&_nc_sid=8024bb&_nc_ohc=YykaqndBiWYAX8r8Pus&_nc_ht=scontent.fuio23-1.fna&tp=14&oh=bce837551a6e67599f8c5a640bec13f9&oe=60B25A69,24,25,0
"El eterno ""bachiller"" se presenta a rendir ex√°men de acceso a la educaci√≥n superior (EAES) y obtiene el puntaje mas bajo de la historia; pero como √©l quiere ser #presidente, dice que con eso le basta y le sobra. ¬øest√°s de acuerdo con √©l? ü§£  #Elecciones2021 #ConHumor #noseofender√°n S√≠guenos en Twitter @culimercio",1600714507.0,https://scontent.fuio23-1.fna.fbcdn.net/v/t1.6435-9/fr/cp0/e15/q65/119864896_2739544159700186_8609698814091217915_n.jpg?_nc_cat=100&ccb=1-3&_nc_sid=8024bb&_nc_ohc=4c4mJGzaQCYAX8i2h5R&_nc_ht=scontent.fuio23-1.fna&tp=14&oh=7b8fd788b3f51a7b88f57411b9201cbe&oe=60B25950,39,9,0
"Tal como era de esperarase, la fiscal Diana Salazar ""alias 10/20"" ha declarado el d√≠a de hoy que est√°n investigando ""clara participaci√≥n"" de @MashiRafel en erupci√≥n del volc√°n #Sangay mediante su ""potente influjo ps√≠quico"". Noticia en desarrollo ü§£  #Elecciones2021 #ConHumor #noseofender√°n  S√≠guenos en Twitter @culimercio",1600711455.0,https://scontent.fuio23-1.fna.fbcdn.net/v/t1.6435-9/fr/cp0/e15/q65/119961411_2739509886370280_4975469932136831309_n.jpg?_nc_cat=107&ccb=1-3&_nc_sid=8024bb&_nc_ohc=PBpexts7SlEAX9ZTWrX&_nc_ht=scontent.fuio23-1.fna&tp=14&oh=a0b99af06ab30f407d1fccdd8f691b20&oe=60B290D1,237,181,0
"Abdal√° Bucaram Ortiz NO ha muerto esta tarde en Guayaquil, NI TAMPOCO ser√° velado en ninguna parte; porque ""hierba mala, nunca muere"" ü§£ ¬øY AHORA .. Y AHORAAA?  #Elecciones2021 #ConHumor#noseofender√°n  S√≠guenos en Twitter @culimercio",1600652991.0,https://scontent.fuio23-1.fna.fbcdn.net/v/t1.6435-9/fr/cp0/e15/q65/120011683_2738836219770980_3449046149529529958_n.jpg?_nc_cat=106&ccb=1-3&_nc_sid=8024bb&_nc_ohc=gCQSUX3FEaAAX-B54Nb&_nc_ht=scontent.fuio23-1.fna&tp=14&oh=a111055833877d1ad54502921e612552&oe=60B03DEA,11,4,0
"@LassoGuillermo fue visto esta tarde ""comprando carne en la 18"" en Guayaquil, pero cuando le preguntan ¬øcu√°nto cuesta la libra de arroz? ah√≠ si dice que no sabe üòÇ  #Elecciones2021 #conhumor #noseofender√°n  S√≠guenos en Twitter @culimercio",1600645508.0,https://scontent.fuio23-1.fna.fbcdn.net/v/t1.6435-9/fr/cp0/e15/q65/120004794_2738703856450883_9083044189294588267_n.jpg?_nc_cat=111&ccb=1-3&_nc_sid=8024bb&_nc_ohc=OD0pVC-BIVkAX8Iu0Nw&_nc_ht=scontent.fuio23-1.fna&tp=14&oh=67a96142a7d981b6930f62bcf8bbae6b&oe=60B0DE1F,73,37,0
"El Presidente de la Rep√∫blica dio un plazo de 24 horas al volc√°n #Sangay para ""que se deje de huevadas"" y manifest√≥ que sino, tomar√°n las mismas medidas que con el COVID-19 ....... osea ""ninguna"" üòü  S√≠guenos en Twitter @culimercio",1600642394.0,https://scontent.fuio23-1.fna.fbcdn.net/v/t1.6435-9/fr/cp0/e15/q65/119982304_2738656763122259_4583986471387760668_n.jpg?_nc_cat=106&ccb=1-3&_nc_sid=8024bb&_nc_ohc=_4gVez51kGUAX8L1mXn&_nc_ht=scontent.fuio23-1.fna&tp=14&oh=923dc70169a56b6bc1d4fe7a0e1b66e1&oe=60AF89F3,285,98,0
Lenin Moreno y Guillermo Lasso convocados por la Federaci√≥n Ecuatoriana de Ciclismo para acompa√±ar a @RichardCarapazM en el mundial de ciclismo Imola 2020 ¬°La cara de felicidad de Carapaz lo dice todo! ü§£üëá  #Elecciones2021 #ConHumor #CachoNomasEs  S√≠guenos en Twitter @culimercio,1600566134.0,https://scontent.fuio23-1.fna.fbcdn.net/v/t1.6435-9/fr/cp0/e15/q65/119937163_2737816819872920_7989899482114495395_n.jpg?_nc_cat=110&ccb=1-3&_nc_sid=8024bb&_nc_ohc=wy0-z4FF47sAX9kA39r&_nc_ht=scontent.fuio23-1.fna&tp=14&oh=d1b62cd143ee53adc2ae65af85c9112c&oe=60B05BA5,10,0,0
"Los ""enanos toreros"" proponen revisar prohibici√≥n de corridas de toros aprobaba en consulta popular hace varios a√±os ¬øestas de acuerdo? üëàü§£ #TomaEnLaGeta #PorSapo #EnanoTorero",1600402397.0,https://scontent.fuio23-1.fna.fbcdn.net/v/t1.6435-9/fr/cp0/e15/q65/119798633_2736118046709464_86288575693914038_n.jpg?_nc_cat=106&ccb=1-3&_nc_sid=110474&_nc_ohc=oL-9B_vzxQIAX8W7MZW&_nc_ht=scontent.fuio23-1.fna&tp=14&oh=e14566bbfb2eb5d0aebb8e1004702b2c&oe=60B039CC,11,3,0
"¬øEcuador, pa√≠s de ""burros"" o de ""borregos""? ü§£ ¬øCon cu√°l te identicas t√∫? ¬øQu√© les contestar√≠as? #Elecciones2021 #LassoBorrero2021 #ArauzPresidente  S√≠guenos en Twitter @culimercio",1600369614.0,https://scontent.fuio23-1.fna.fbcdn.net/v/t1.6435-9/fr/cp0/e15/q65/119862266_2735756606745608_3313266074088390204_n.jpg?_nc_cat=111&ccb=1-3&_nc_sid=8024bb&_nc_ohc=9jHhazb2d_sAX_i3ICD&_nc_ht=scontent.fuio23-1.fna&tp=14&oh=8d1bc930c22ed2125dc39481c324c0ba&oe=60B08A6A,13,3,0
¬°Ah√≠ queda su huevada! Exclam√≥ el ex-mandatario @MashiRafael al conocer que el CNE nuevamente descalific√≥ a su agrupaci√≥n pol√≠tica para las pr√≥ximas elecciones! ü§£ ¬øSe da por vencido al fin? #elecciones2021 #VuelveRafael #Conhumor #cachonomases  S√≠guenos en Twitter @culimercio,1600303521.0,https://scontent.fuio23-1.fna.fbcdn.net/v/t1.6435-9/fr/cp0/e15/q65/119701515_2735048776816391_3608423485026782619_n.jpg?_nc_cat=107&ccb=1-3&_nc_sid=8024bb&_nc_ohc=Q0nX9fFKNPIAX_3aD29&_nc_ht=scontent.fuio23-1.fna&tp=14&oh=4a953d678e1aafd987bc1a8ff1df9b9c&oe=60B1E850,22,44,0
"Guillermo Lasso ha declarado que nombrar√° a su entra√±able amigo Jaime Bayly como c√≥nsul en Miami durante su Gobierno; y que le importa ""paloma"" lo que piense el pueblo. ü§£ ¬øEst√°s de acuerdo? #elecciones2021 #ConHumor #LassoBorrero2021 #cachonomases  S√≠guenos en Twitter @culimercio",1600291680.0,https://scontent.fuio23-1.fna.fbcdn.net/v/t1.6435-9/fr/cp0/e15/q65/119672765_2734900033497932_2758952034149513037_n.jpg?_nc_cat=111&ccb=1-3&_nc_sid=8024bb&_nc_ohc=McDCYyaIpvkAX_f-Pn_&_nc_ht=scontent.fuio23-1.fna&tp=14&oh=d3035f1b78f3949efe629fdb58d43f17&oe=60B215AD,7,8,0
"EXCLUSIVA: ¬°@tinocotania confiesa tener un hijo secreto con el ""ch√≥mpiras"" que es igualito a su pap√° y es ""anticorreista"" declarado! üßê ¬øLo conoces, sabes qui√©n es? @AnderssonBoscan @luisevivanco #conhumor #cachonomases  S√≠guenos en Twiter @culimercio",1600289732.0,https://scontent.fuio23-1.fna.fbcdn.net/v/t1.6435-9/fr/cp0/e15/q65/119685415_2734885916832677_5107606073344948267_n.jpg?_nc_cat=100&ccb=1-3&_nc_sid=8024bb&_nc_ohc=_4A2EyMhBVMAX-oD3_K&_nc_ht=scontent.fuio23-1.fna&tp=14&oh=42a32a10ecb2ef0638e191f84e9f1fc6&oe=60B0DB8D,8,2,0
"ULTIMA HORA: ¬°No entiendo ni mierda qu√© es lo que piden! Contest√≥ el mandatario a los m√©dicos posgradistas que protestaban ayer en Carondelet! ü§£ Y para qu√© tambi√©n, tiene raz√≥n #protestasmedicos #ElPeorGobiernoDeLaHistoria #conhumor #Cachonomases  S√≠guenos en Twiter @culimercio",1600277327.0,https://scontent.fuio23-1.fna.fbcdn.net/v/t1.6435-9/fr/cp0/e15/q65/119731334_2734747836846485_5081963407856336232_n.jpg?_nc_cat=107&ccb=1-3&_nc_sid=8024bb&_nc_ohc=k2ppKc5mNqoAX8UYFYi&_nc_ht=scontent.fuio23-1.fna&tp=14&oh=48d89ee65837fbe54d79a120b4517acb&oe=60AF4906,9,4,0
"¬°El alcalde de #Quito dijo que ""el mismo se va encargar de hacer cumplir la ley"" y sale al paso de las pol√©micas declaraciones de varios agentes de tr√°nsito en las √∫ltimas semanas! ¬øQu√© te parece? ü§£üëá  #ConHumor #AgentesRatas #YaBasta #cachonomases S√≠guenos en Twiter @culimercio",1600220072.0,https://scontent.fuio23-1.fna.fbcdn.net/v/t1.6435-9/fr/cp0/e15/q65/119595246_2734090510245551_963656870923854587_n.jpg?_nc_cat=106&ccb=1-3&_nc_sid=8024bb&_nc_ohc=fKSLojs93FkAX_BiXV2&_nc_ht=scontent.fuio23-1.fna&tp=14&oh=ea89cce2968c8e73b61f60132aac360b&oe=60B0023D,15,2,0
¬°Palo y yuca es lo que ofrece el #Gobierno a los m√©dicos posgradistas si contin√∫an con sus protestas! ¬øEst√°s de acuerdo? üòïüëá #ElPeorGobiernoDeLaHistoria #PeroConHumor #CachoNom√°sEs  Siguenos en Twitter @culimercio,1600218799.0,https://scontent.fuio23-1.fna.fbcdn.net/v/t1.6435-9/fr/cp0/e15/q65/119563246_2734079236913345_6376004173017587441_n.jpg?_nc_cat=102&ccb=1-3&_nc_sid=8024bb&_nc_ohc=hqqXxfEJEF8AX8NgLjF&_nc_oc=AQmfCPFzrF__FfStAguKMaI3TysijArX2zCCwLDEQhtDqblF7HTdr5qoqQRM1dk9Ahk&_nc_ht=scontent.fuio23-1.fna&tp=14&oh=1c73a1660340cd1124e8aa2cc49f45a2&oe=60B07C2B,10,9,0
¬°@MashiRafael felicit√≥ a @RichardCarapazM con un mensaje subliminal bastante directo! ü§£ ¬øA qui√©n iba dedicado? #elecciones2021 #humor #politico #CachoNomasES  S√≠guenos en Twitter @culimercio,1600194451.0,https://scontent.fuio23-1.fna.fbcdn.net/v/t1.6435-9/fr/cp0/e15/q65/119604964_2733803533607582_1868135924981526992_n.jpg?_nc_cat=107&ccb=1-3&_nc_sid=8024bb&_nc_ohc=Vlhk5yfB6s8AX_Fni3_&_nc_ht=scontent.fuio23-1.fna&tp=14&oh=08d0ae7d5ad04d729d1c82746bac4f47&oe=60B20EBC,33,24,0
¬°Grande @RichardCarapazM logra el 2¬∫ lugar en la 16¬™ etapa del #TourDeFrancia! üëèüëèüëèüëè.,1600193311.0,https://scontent.fuio23-1.fna.fbcdn.net/v/t1.6435-9/fr/cp0/e15/q65/119497681_2733790463608889_4240084349221563197_n.jpg?_nc_cat=102&ccb=1-3&_nc_sid=8024bb&_nc_ohc=qwm74LIY9y0AX_FAU1P&_nc_ht=scontent.fuio23-1.fna&tp=14&oh=4e2038f6b65b112ac8f3b88f8c71f39d&oe=60AED23F,15,0,0
"¬°Pero para una #moza, si son campeones! expres√≥ la ministra del interior con respecto a la colisi√≥n que se produjo esta ma√±ana en #Quito entre dos patrulleros de la polic√≠a. #policiaNacional #SiSer√°n #cachonomases ü§£üëá  S√≠guenos en Twitter @culimercio",1600189903.0,https://scontent.fuio23-1.fna.fbcdn.net/v/t1.6435-9/fr/cp0/e15/q65/119621987_2733754483612487_4098775473051790649_n.jpg?_nc_cat=104&ccb=1-3&_nc_sid=8024bb&_nc_ohc=8qQD106TDrYAX9KdG7x&_nc_ht=scontent.fuio23-1.fna&tp=14&oh=4187a2f3c93a041a22f57dbccc98e640&oe=60B0EBCE,105,97,0
"¬°Alcalde de Quito, niega rotundamente que agentes de transito deban cumplir cupo diario de citaciones, y si lo dice el ""rulim√°n mayor"" por algo ser√°! ü§î  S√≠guenos en Twitter @culimercio",1600126924.0,https://scontent.fuio23-1.fna.fbcdn.net/v/t1.6435-9/fr/cp0/e15/q65/119599100_2733097283678207_4074161706855345647_n.jpg?_nc_cat=106&ccb=1-3&_nc_sid=110474&_nc_ohc=AgNU5Cvi2i4AX_Azy0k&_nc_ht=scontent.fuio23-1.fna&tp=14&oh=e730d6dd98779cb49431e5a8693d438e&oe=60B1E3D3,8,10,0
¬°Cualqueira en su lugar dir√≠a exactamente lo mismo üëâgu√°calaüëà! ü§Æ  S√≠guenos en Twitter @culimercio,1600122984.0,https://scontent.fuio23-1.fna.fbcdn.net/v/t1.6435-9/fr/cp0/e15/q65/119544298_2733061623681773_5080716875550621897_n.jpg?_nc_cat=111&ccb=1-3&_nc_sid=110474&_nc_ohc=jhD-bhgfPXoAX9nGxNO&_nc_ht=scontent.fuio23-1.fna&tp=14&oh=baebb839ada7ecfc2a14f02e7129ddfc&oe=60B055C2,9,5,0
"¬°Muy en su l√≠nea despectiva, aunque cierto es! ü§£üëá  S√≠guenos en Twitter @culimercio",1600121175.0,https://scontent.fuio23-1.fna.fbcdn.net/v/t1.6435-9/fr/cp0/e15/q65/119151079_2733045853683350_86377057233574811_n.jpg?_nc_cat=108&ccb=1-3&_nc_sid=110474&_nc_ohc=YNZDzcWPIz4AX-AqEwl&_nc_ht=scontent.fuio23-1.fna&tp=14&oh=6ad05110bf73bc2a80c35b3607115c93&oe=60B19A07,14,1,0
üëâ Creditos: @culimercio,1600115087.0,https://scontent.fuio23-1.fna.fbcdn.net/v/t1.6435-9/fr/cp0/e15/q65/119576910_2732990903688845_900715876043239578_n.jpg?_nc_cat=107&ccb=1-3&_nc_sid=110474&_nc_ohc=_Tf6JJ-VmdwAX99slqE&_nc_ht=scontent.fuio23-1.fna&tp=14&oh=ccbb9e7a16123237169ad7bfe0de03d8&oe=60AED568,25,57,0
"¬°Por √∫ltimo; yo con mi plata hago lo que me de la gana, #chulquero adefecioso! ü§£ #elecciones2021  S√≠guenos en Twitter @culimercio",1600109313.0,https://scontent.fuio23-1.fna.fbcdn.net/v/t1.6435-9/fr/cp0/e15/q65/119109797_2732929843694951_4334485265145169759_n.jpg?_nc_cat=107&ccb=1-3&_nc_sid=8024bb&_nc_ohc=pjAWbZTu658AX-VH8Zh&_nc_ht=scontent.fuio23-1.fna&tp=14&oh=2892cdb0ecdb216f63a98daa5f93c5f7&oe=60B0BBC3,24,47,0
¬°En agradecimiento a su excelente labor en el #CasoBochornos! üëèüëèüëèüëèüëèüëè,1599869988.0,https://scontent.fuio23-1.fna.fbcdn.net/v/t1.6435-9/fr/cp0/e15/q65/119277888_2730405533947382_7106547219264543039_n.jpg?_nc_cat=107&ccb=1-3&_nc_sid=110474&_nc_ohc=7mfaaTFFZS8AX9Ozpsj&_nc_ht=scontent.fuio23-1.fna&tp=14&oh=60b8ab895d3e7d3653115a02183bd6d2&oe=60B29E23,16,5,0
"Luis Eduardo Vivanco @luisevivanco ALIAS ""Botija"" ü§£üëá",1599697050.0,https://scontent.fuio23-1.fna.fbcdn.net/v/t1.6435-9/fr/cp0/e15/q65/119141990_2728551317466137_8806095717251225181_n.jpg?_nc_cat=111&ccb=1-3&_nc_sid=8024bb&_nc_ohc=H33tZQTGUQsAX-bk4Oj&_nc_ht=scontent.fuio23-1.fna&tp=14&oh=11e28cb5079a37e3df1ecf234df6997c&oe=60B25497,7,0,0
"Ahi est√°, ya le hicieron cabrear a la ""locomotora"" ü§£ü§£",1599688966.0,https://scontent.fuio23-1.fna.fbcdn.net/v/t1.6435-9/fr/cp0/e15/q65/119110989_2728460497475219_1155091567425209131_n.jpg?_nc_cat=111&ccb=1-3&_nc_sid=8024bb&_nc_ohc=YrNzIvPOsvEAX-VVPS5&_nc_ht=scontent.fuio23-1.fna&tp=14&oh=083f8679293a248ee843cde71c8764bf&oe=60AF44A0,2,0,0
¬°Hasta este nivel de ingnorancia e irrespeto hemos llegado con este discapacitado mental! üòï,1599687783.0,https://scontent.fuio23-1.fna.fbcdn.net/v/t1.6435-9/fr/cp0/e15/q65/119155272_2728451127476156_2879675355139476654_n.jpg?_nc_cat=111&ccb=1-3&_nc_sid=8024bb&_nc_ohc=OsGO4lnR7oIAX82Cg9a&_nc_ht=scontent.fuio23-1.fna&tp=14&oh=ebcddeb035e76788cbe0e2d90ba4814a&oe=60B25CFE,4,0,0
¬°As√≠ es cuando la derecha se junta; pero no dejan de ser los mismos perros! ü§£ü§£,1599335382.0,https://scontent.fuio23-1.fna.fbcdn.net/v/t1.6435-9/fr/cp0/e15/q65/118848589_2724737321180870_1525656180882023841_n.jpg?_nc_cat=101&ccb=1-3&_nc_sid=8024bb&_nc_ohc=XvBGz1Q4pnYAX-T-vpU&_nc_ht=scontent.fuio23-1.fna&tp=14&oh=e4fd84f3f77fe72dfc67293272c3b38b&oe=60B032F1,6,1,0
"Nunca mejor dicho, la ""mierda de presidente"" que tenemos",1599253739.0,https://scontent.fuio23-1.fna.fbcdn.net/v/t1.6435-9/fr/cp0/e15/q65/118814520_2723887601265842_5636979630027415819_n.jpg?_nc_cat=108&ccb=1-3&_nc_sid=8024bb&_nc_ohc=DchrkehK5wMAX_cIxB9&_nc_ht=scontent.fuio23-1.fna&tp=14&oh=14877040ee0e55417e196fcaafcb943d&oe=60B235EF,11,2,0
¬°Comparte si eres Correista de Coraz√≥n para que llegue hasta Rafael! ‚ù£Ô∏è‚ù£Ô∏è,1599182004.0,https://scontent.fuio23-1.fna.fbcdn.net/v/t1.6435-9/fr/cp0/e15/q65/118803160_2723119121342690_3833529127248090931_n.jpg?_nc_cat=109&ccb=1-3&_nc_sid=8024bb&_nc_ohc=z1EN7y6778YAX9egW_b&_nc_ht=scontent.fuio23-1.fna&tp=14&oh=a450516fd1104362838779f0a597501d&oe=60AFF914,19,2,0
Nebot + Lasso = Mosquito ¬°Bien nos ha de ir compa√±eritos! üëàü§£,1599146678.0,https://scontent.fuio23-1.fna.fbcdn.net/v/t1.6435-9/fr/cp0/e15/q65/118771821_2722734658047803_2951141752512005780_n.jpg?_nc_cat=101&ccb=1-3&_nc_sid=110474&_nc_ohc=s-9exbFBReIAX-NJnmZ&_nc_ht=scontent.fuio23-1.fna&tp=14&oh=18f4cbfbda26c3220251cbe18085df06&oe=60B0148E,4,0,0
"¬°Los unos son un par de rateros, pillos; cacos! üëâ ¬°Y los otros son ""El Ch√≥mpiras y el Botija! ü§£",1598844836.0,https://scontent.fuio23-1.fna.fbcdn.net/v/t1.6435-9/fr/cp0/e15/q65/118626024_2719207645067171_7113294841819527294_n.jpg?_nc_cat=103&ccb=1-3&_nc_sid=110474&_nc_ohc=DU5fZZ9ugzIAX9smTlB&_nc_ht=scontent.fuio23-1.fna&tp=14&oh=c0a761c73ed039b23289353572b96c9f&oe=60B10AA7,23,3,0
Y estos burros son los primeros que han de estar haciendo fila en la farmacia para comprar mascarillas del miedo a morirse con el #coronavirus. Si es que los ecuatorianos somos una joyita de verdad üò°üò°üò°,1583025977.0,https://scontent.fuio23-1.fna.fbcdn.net/v/t1.6435-9/fr/cp0/e15/q65/87851507_2555916888062915_5964657964286476288_n.jpg?_nc_cat=103&ccb=1-3&_nc_sid=110474&_nc_ohc=rkiFW8oKnNsAX8Az01i&_nc_ht=scontent.fuio23-1.fna&tp=14&oh=04b2ad9b64bde07347fb51d0d7d980e2&oe=60B290BF,3,0,0
"¬øy estos animales son los que deben precautelar el orden y la seguridad de todos? üò°üò°üò° ""Que Dios nos libre de verdad, desalmados de m..""  Acci√≥n Animal Ecuador February 25, 2020 at 9:33 PM ¬∑  Nos reportan esta gran desgracia, no sabemos nada del perrito desafortunadamente y la verdad no sabemos que comentarios emitir antes estas im√°genes tan fuertes. lo dejamos a su criterio.  por favor si alguien sabe algo del perrito por favor comunicarse de urgencia.",1582756444.0,https://scontent.fuio23-1.fna.fbcdn.net/v/t1.6435-1/cp0/e15/q65/p32x32/77360238_2542107929352208_8858109055722323968_n.jpg?_nc_cat=104&ccb=1-3&_nc_sid=dbb9e7&_nc_ohc=-EP3dTqIq1gAX8ATy_d&_nc_ht=scontent.fuio23-1.fna&tp=3&oh=08b02e890896e0149fe22ee543d74f7d&oe=60B1708E,3,0,3
Siempre haciendo quedar mal este patuleco ü§£üëá,1571100045.0,https://scontent.fuio23-1.fna.fbcdn.net/v/t1.6435-9/fr/cp0/e15/q65/72402142_2423404937980778_8749091618834874368_n.jpg?_nc_cat=110&ccb=1-3&_nc_sid=110474&_nc_ohc=FJEZk2N5u0UAX_ytnU_&_nc_ht=scontent.fuio23-1.fna&tp=14&oh=c21f203908fc623a9ad4513016b211cf&oe=60B0A617,7,0,0
Te dan clases nuestros ind√≠genas; patuleco ü§î,1571012153.0,https://scontent.fuio23-1.fna.fbcdn.net/v/t1.6435-9/fr/cp0/e15/q65/72167071_2422439558077316_7482947947307466752_n.jpg?_nc_cat=111&ccb=1-3&_nc_sid=110474&_nc_ohc=TszikwfriNsAX9aw_wh&_nc_ht=scontent.fuio23-1.fna&tp=14&oh=f5ee58f58e63719d9e539d1a983b8d54&oe=60B08EF4,21,1,0
"Hasta eso estaban, adefeciosos estos ü§£üëá",1570844064.0,https://scontent.fuio23-1.fna.fbcdn.net/v/t1.6435-9/fr/cp0/e15/q65/73108748_2420724891582116_6841807044815618048_n.jpg?_nc_cat=103&ccb=1-3&_nc_sid=8024bb&_nc_ohc=3-BxGJ961doAX_dQHFf&_nc_ht=scontent.fuio23-1.fna&tp=14&oh=cf2d5a769606471ec20d9ba8562fb4bc&oe=60B05087,3,0,0
"¬°Qu√© bestia, primero que los aviones, ahora que si com√≠ mucho encebollado!, ¬øQu√© seguira luego? ü§£üëá ASOSTADOS LES VEO...... jajaja",1568328446.0,https://scontent.fuio23-1.fna.fbcdn.net/v/t1.6435-9/fr/cp0/e15/q65/70223540_2396031437384795_5861467831652057088_n.jpg?_nc_cat=109&ccb=1-3&_nc_sid=8024bb&_nc_ohc=WCB7HQBfTHAAX9SJgLj&_nc_ht=scontent.fuio23-1.fna&tp=14&oh=b3a2c99d55ebe032752482ecdcca09ff&oe=60AEF6F8,17,7,0
"De leyffff, no seran malitos, ""que han de hacer"" Capaz es este pedazo de bruto ü§£üëá",1568255022.0,https://scontent.fuio23-1.fna.fbcdn.net/v/t1.6435-9/fr/cp0/e15/q65/69974315_2395283094126296_8004486414471266304_n.jpg?_nc_cat=107&ccb=1-3&_nc_sid=8024bb&_nc_ohc=FXey__U24wMAX8MJozr&_nc_ht=scontent.fuio23-1.fna&tp=14&oh=a38024f8bec4fa7d091a8930b181d370&oe=60B04396,2,0,0
"Ah√≠ esta, ah√≠ esta, cria cuervos y te picotearan las ruedas de la silla jaja, la historia los pondr√° en su lugar, como a mi me puso en mi √°tico compa√±eritos ü§£üëá",1568166917.0,https://scontent.fuio23-1.fna.fbcdn.net/v/t1.6435-9/fr/cp0/e15/q65/70366465_2394475760873696_4373851173619236864_n.jpg?_nc_cat=102&ccb=1-3&_nc_sid=8024bb&_nc_ohc=UHjVHQ2X3n4AX9w7cfD&_nc_ht=scontent.fuio23-1.fna&tp=14&oh=09926c578f2bd25758bc7f324c2dd987&oe=60B0928E,5,0,0
"Esta juventud de hoy en d√≠a compa√±eritos, nos da tres vueltas en todo üôàüëá",1568124799.0,https://scontent.fuio23-1.fna.fbcdn.net/v/t1.6435-9/fr/cp0/e15/q65/70512611_2394109610910311_3775928143320186880_n.jpg?_nc_cat=102&ccb=1-3&_nc_sid=110474&_nc_ohc=TtYZ6QCrhJoAX9pNU-F&_nc_ht=scontent.fuio23-1.fna&tp=14&oh=d08f0f4d4894c15c6fba580a42c98db3&oe=60B0DEA9,6,0,0
"De unaff mijin, el mundial del encebollado ha de ser jaja este traidor con sus sue√±os de perro la plena ü§£üëá",1568082363.0,https://scontent.fuio23-1.fna.fbcdn.net/v/t1.6435-9/fr/cp0/e15/q65/69763475_2393731727614766_6966029701018025984_n.jpg?_nc_cat=108&ccb=1-3&_nc_sid=8024bb&_nc_ohc=KJgu7MdW7msAX8NBXMc&_nc_ht=scontent.fuio23-1.fna&tp=14&oh=3ccb3a6d2701978dfda2c31dabf5bc00&oe=60B15B88,15,1,0
"¬°Ah√≠ est√°, toma por borracho y relajoso! ü§£üëá",1567486032.0,https://scontent.fuio23-1.fna.fbcdn.net/v/t1.6435-9/fr/cp0/e15/q65/69696406_2388328574821748_1041237425604526080_n.jpg?_nc_cat=104&ccb=1-3&_nc_sid=8024bb&_nc_ohc=kYIbKtdzYbUAX8D-hkn&_nc_ht=scontent.fuio23-1.fna&tp=14&oh=36fb09268f02b697f8a366bad104b35a&oe=60B26758,8,0,0
"¬°Ah√≠ est√° compa√±eritos, todo yo, todo yo! ü§£üëá",1567122990.0,https://scontent.fuio23-1.fna.fbcdn.net/v/t1.6435-9/fr/cp0/e15/q65/69568044_2385108831810389_1013834305895399424_n.jpg?_nc_cat=108&ccb=1-3&_nc_sid=8024bb&_nc_ohc=PBDFkgMN8A0AX-ufaVQ&_nc_ht=scontent.fuio23-1.fna&tp=14&oh=3267d5223a837e7cc9321d61b4f772da&oe=60AED8D4,11,0,0
¬°Bromita nom√°s es! ü§£ü§£ü§£üëá,1567051276.0,https://scontent.fuio23-1.fna.fbcdn.net/v/t1.6435-9/fr/cp0/e15/q65/69148586_2384513498536589_4745821669602361344_n.jpg?_nc_cat=102&ccb=1-3&_nc_sid=8024bb&_nc_ohc=zn6sGaK66hAAX8hCvgr&_nc_ht=scontent.fuio23-1.fna&tp=14&oh=6a39bb634c769a3a118878374a1d9669&oe=60AFDA88,9,1,0
"QUE GRANDE ERES DELFIN..HASTA EL FIN  El mejor artista ecuatoriano de la historia, una vez m√°s ha demostrado que no es grande solo en el escenario, tras las dos semanas que lleva quem√°ndose la AMAZONIA decidi√≥ contratar 5 aviones de hasta 80.000 litros de capacidad para apoyar a controlar el incendio que est√° destruyendo el pulm√≥n del mundo  ESA ES DELFIN...üòÄüëå",1566783393.0,https://scontent.fuio23-1.fna.fbcdn.net/v/t1.6435-9/fr/cp0/e15/q65/69529500_2382321148755824_6742519899286929408_n.jpg?_nc_cat=110&ccb=1-3&_nc_sid=8024bb&_nc_ohc=5fSoi1S4NwkAX97j848&_nc_ht=scontent.fuio23-1.fna&tp=14&oh=b05782ed664ac6c6583d33e1ba1b0d71&oe=60B19EE8,523,176,0
"¬øPor qu√© es tan emocionante su aza√±a? Porque √©l si es un verdadero ecuatoriano, nacido en cuna humilde, hombre de pueblo, luchador, mestizo con rasgos ind√≠genas acentuados de aquellos a los que los ani√±ados con complejo de espa√±oles nos llaman ‚Äúlongos‚Äù, de los que no hablan con una papa en la boca; no es tenista ni futbolista adinerado; es simplemente Carapaz; carchense; ecuatoriano y CAMPE√ìN üá™üá®üá™üá®üá™üá®‚òùÔ∏è",1559489509.0,https://scontent.fuio23-1.fna.fbcdn.net/v/t1.6435-9/fr/cp0/e15/q65/61514204_2317797771874829_8413424389755764736_n.jpg?_nc_cat=111&ccb=1-3&_nc_sid=110474&_nc_ohc=Oz_TiYs6elkAX93zKqr&_nc_ht=scontent.fuio23-1.fna&tp=14&oh=ff83460456f04629085dd53026eaf2ab&oe=60B07EAE,54,1,0
"¬°Compa√±eritos, sale a la luz otro secreto m√°s de ""Efialtes""; bueno.. aunque secreto; que digamos secreto no era tanto! üëèüòú pero se ten√≠a que decir; ¬°Y se dijo!",1555037018.0,https://scontent.fuio23-1.fna.fbcdn.net/v/t1.6435-9/fr/cp0/e15/q65/56970932_2280803492240924_3703260165710020608_n.jpg?_nc_cat=107&ccb=1-3&_nc_sid=8024bb&_nc_ohc=jhHl2bDCrGEAX-yM7Cz&_nc_ht=scontent.fuio23-1.fna&tp=14&oh=0e4ab4a08d40496361b00254f63cf0a1&oe=60AF68F7,18,5,0
"¬°Con tanto l√≠o de venezolanos, nos estamos olvidando de estita compa√±eritos! ü§î",1548380920.0,https://scontent.fuio23-1.fna.fbcdn.net/v/t1.6435-9/fr/cp0/e15/q65/51122998_2229504004037540_8146706010141097984_n.jpg?_nc_cat=106&ccb=1-3&_nc_sid=110474&_nc_ohc=EVlzGcGRXz4AX_WOHbt&_nc_ht=scontent.fuio23-1.fna&tp=14&oh=42a44b38c5902f8d0973a8eafcc96c0d&oe=60B26BD7,13,2,0
¬°Se nos cae la Patria Grande compa√±eritos! üò©,1548274238.0,https://scontent.fuio23-1.fna.fbcdn.net/v/t1.6435-9/fr/cp0/e15/q65/51109523_2228712967449977_5436799280947920896_n.jpg?_nc_cat=109&ccb=1-3&_nc_sid=110474&_nc_ohc=K31iG8NRVI8AX9_yu5X&_nc_ht=scontent.fuio23-1.fna&tp=14&oh=30ee20521aebc1797ca9465cf60c0a05&oe=60B17F97,9,0,0
"¬°Ya Basta Compa√±eritos!, ¬øhasta cu√°ndo? üò° #noalacenofobia",1548203810.0,https://scontent.fuio23-1.fna.fbcdn.net/v/t1.6435-9/fr/cp0/e15/q65/50445768_2228164817504792_2639057189196529664_n.jpg?_nc_cat=103&ccb=1-3&_nc_sid=110474&_nc_ohc=ZQa-d381AqcAX_sLZSD&_nc_ht=scontent.fuio23-1.fna&tp=14&oh=7ca6b5a5b66af2afba1ca18511ba8c88&oe=60B1EDD5,6,1,0
‚ÄúNo hemos aprendido nada compa√±eritos‚Äù #meduelesecuador #noalaxenofobia,1548117683.0,https://scontent.fuio23-1.fna.fbcdn.net/v/t1.6435-9/fr/cp0/e15/q65/50528128_2227509614236979_669113028058284032_n.jpg?_nc_cat=105&ccb=1-3&_nc_sid=110474&_nc_ohc=X0FJqsdvgQsAX-Ro58K&_nc_ht=scontent.fuio23-1.fna&tp=14&oh=47c5fee43562428c13c850f543c03d31&oe=60B08695,4,3,0
"Para lo que he quedado ""compa√±eritos"" üòñ By Ecuatoriano hasta las huevas",1508116540.0,https://scontent.fuio23-1.fna.fbcdn.net/v/t1.18169-9/fr/cp0/e15/q65/22449741_1915715955416348_1446653897906384717_n.jpg?_nc_cat=103&ccb=1-3&_nc_sid=110474&_nc_ohc=VaRWIrCwJR8AX8-1Rcq&_nc_ht=scontent.fuio23-1.fna&tp=14&oh=4d00580bfb7b0e4804e1d49907ef18f7&oe=60B146EB,11,9,0
"En √©stos tiempos de tanto ""DI√ÅLOGO"", ayyy si ese 30-S fuera hoy mismo ¬øs√≠ o qu√© compa√±eritos?",1506788765.0,https://scontent.fuio23-1.fna.fbcdn.net/v/t31.18172-8/fr/cp0/e15/q65/22051224_1908715806116363_2736149678193331276_o.jpg?_nc_cat=101&ccb=1-3&_nc_sid=8024bb&_nc_ohc=qtCToxsPan0AX8pH6Nx&_nc_oc=AQlTVqWtyfshhN5M-5041OAbHJFbfkbPTJ-V4-bMpNaZs6m1pgY4Ky55NdlA__hIEjs&_nc_ht=scontent.fuio23-1.fna&tp=14&oh=0d7087bcb02a6375a0a8abae2793dcdb&oe=60AF07B5,25,0,0
El traidor anda euf√≥rico; ahora de √©sto tambi√©n me acusar√° a mi üòÇ,1505967265.0,https://scontent.fuio23-1.fna.fbcdn.net/v/t1.18169-9/fr/cp0/e15/q65/21616192_1904354653219145_8024851500951130031_n.jpg?_nc_cat=107&ccb=1-3&_nc_sid=110474&_nc_ohc=2QViPPvr8MgAX_EddXh&_nc_ht=scontent.fuio23-1.fna&tp=14&oh=932ae01b8caf170f5190f3757f203d9b&oe=60AF30EA,7,0,0
"Compa√±eritos, todo puede ser ... ¬°PERO ESTO YA ES EL COLMO!",1505799546.0,https://scontent.fuio23-1.fna.fbcdn.net/v/t31.18172-8/fr/cp0/e15/q65/21641191_1903410106646933_8027435919081886587_o.jpg?_nc_cat=108&ccb=1-3&_nc_sid=8024bb&_nc_ohc=ZMHOnMYpFhwAX_acUEi&_nc_ht=scontent.fuio23-1.fna&tp=14&oh=77a4bfaa542e47d067d2d8c2e3e08b4d&oe=60AFD87B,9,2,0
Desde Carondelet con amor - Parte 2 !Tal parece que al licenciado se le acab√≥ la paciencia!,1505798740.0,https://scontent.fuio23-1.fna.fbcdn.net/v/t31.18172-8/fr/cp0/e15/q65/21687084_1903407143313896_519242424388179794_o.jpg?_nc_cat=107&ccb=1-3&_nc_sid=8024bb&_nc_ohc=0trsemtbveAAX_i8euU&_nc_ht=scontent.fuio23-1.fna&tp=14&oh=75afcc06cce272b95c4f979d6825c54c&oe=60B054ED,10,1,0
Mientras tanto...... En alg√πn lugar de B√©lgica en √©ste momento,1505539123.0,https://scontent.fuio23-1.fna.fbcdn.net/v/t31.18172-8/fr/cp0/e15/q65/21741207_1902012790119998_6226233240006892220_o.jpg?_nc_cat=101&ccb=1-3&_nc_sid=8024bb&_nc_ohc=94zdy01iB4gAX9Islav&_nc_ht=scontent.fuio23-1.fna&tp=14&oh=92bd83a05bb11d2b2983a585f32eca56&oe=60B2A323,119,15,0
"Ecua Trends September 15, 2017 at 7:37 AM ¬∑  JAJAJA, la mejor respuesta que he visto.  https://www.facebook.com/kikeJavOficial",1505486063.0,,5,1,0
"Ah√≠ est√°, quer√≠as saber ¬øPor qu√©? ¬°toma tu porque!",1505455837.0,https://scontent.fuio23-1.fna.fbcdn.net/v/t31.18172-8/fr/cp0/e15/q65/21741003_1901581816829762_3634298502444549283_o.jpg?_nc_cat=108&ccb=1-3&_nc_sid=8024bb&_nc_ohc=Y9t2U9wzs50AX-OawHd&_nc_ht=scontent.fuio23-1.fna&tp=14&oh=3b296f12a6dd6b386966b62946ad5925&oe=60AEEFFE,2,2,0
"Veo muchos ""resentedos"" por aqu√≠, ¬øah√≠ si que les dieron donde m√°s les duele no compa√±eritos?",1505450392.0,https://scontent.fuio23-1.fna.fbcdn.net/v/t31.18172-8/fr/cp0/e15/q65/21731421_1901560003498610_9114456115934580214_o.jpg?_nc_cat=105&ccb=1-3&_nc_sid=8024bb&_nc_ohc=sI-2DJ3OeM4AX-2t2dS&_nc_ht=scontent.fuio23-1.fna&tp=14&oh=5303dd896821224184a68867dd58edf7&oe=60B104BE,3,0,0
"Compa√±eritos; no seamos tan resentidos, porque acu√©rdense que tenemos rabo de paja",1505399321.0,https://scontent.fuio23-1.fna.fbcdn.net/v/t31.18172-8/fr/cp0/e15/q65/21731650_1901271846860759_3280611537606470453_o.jpg?_nc_cat=103&ccb=1-3&_nc_sid=8024bb&_nc_ohc=_4MfD0XDpXYAX8uID40&_nc_ht=scontent.fuio23-1.fna&tp=14&oh=5c2c7318bf727f5f0e0d4a08fc478c48&oe=60B0E8A8,18,6,0
As√≠ te quisiera ver pelite√±ida majadera irrespetuosa ¬°A mis caseritas se les respeta carajo!,1505289037.0,https://scontent.fuio23-1.fna.fbcdn.net/v/t31.18172-8/fr/cp0/e15/q65/21731791_1900671016920842_3568035965107083349_o.jpg?_nc_cat=109&ccb=1-3&_nc_sid=8024bb&_nc_ohc=_V5Rk9JsZE4AX9ae4Qx&_nc_oc=AQnnaMIcXzlSTP9rW-GmX7c96d93F1YKGPP3es5g80dptJL-visPZIKt4yrtkD_bQB0&_nc_ht=scontent.fuio23-1.fna&tp=14&oh=f2dcb45368fd3b571aa8c163cb797920&oe=60AF1075,17,2,0
"¬°Aqu√≠ el √∫nico que les puede decir indios, longos, rocotos, rulimanes, angos, roscas, etc, etc. SOY YO, a mis runacos se les respeta carajo!",1505155158.0,https://scontent.fuio23-1.fna.fbcdn.net/v/t31.18172-8/fr/cp0/e15/q65/21687125_1900049303649680_7168584996394578912_o.jpg?_nc_cat=101&ccb=1-3&_nc_sid=8024bb&_nc_ohc=E7yMRpsOwX0AX-niDqA&_nc_ht=scontent.fuio23-1.fna&tp=14&oh=c9f22fcc978f11f6e4253d489f4c34cf&oe=60B1C190,7,0,0
